Digit,BenfordP,Address,Invoices
1,0.301029996,345,2225
2,0.176091259,197,1214
3,0.124938737,170,881
4,0.096910013,126,639
5,0.079181246,101,655
6,0.06694679,72,532
7,0.057991947,69,433
8,0.051152522,51,362
9,0.045757491,57,332
