"","mes","ResumenMes"
"1","abril",1276.941
"2","agosto",1289.17688679245
"3","diciembre",1241.15252525253
"4","enero",1299.35560747664
"5","febrero",1332.392
"6","julio",1271.11727272727
"7","junio",1269.81962616822
"8","marzo",1340.13518518519
"9","mayo",1259.0431372549
"10","noviembre",1260.6587962963
"11","octubre",1282.81727272727
"12","septiembre",1295.21179245283
