Date,Open,High,Low,Close,Volume,Dividends,Stock Splits,Daily_Return,SMA_20,SMA_50,Volatility_20,RSI,MACD,MACD_Signal,SMA_20_above_50,Golden_Cross,Death_Cross
2023-07-28,259.8599853515625,267.25,258.2300109863281,266.44000244140625,111446000,0.0,0.0,,,,,,0.0,0.0,False,False,False
2023-07-31,267.4800109863281,269.0799865722656,263.7799987792969,267.42999267578125,84582200,0.0,0.0,0.00371562162326855,,,,,0.02221131936096299,0.01233962186720166,False,False,False
2023-08-01,266.260009765625,266.4700012207031,260.25,261.07000732421875,83166000,0.0,0.0,-0.023781870118334214,,,,,-0.16892113567070055,-0.06194757384505333,False,False,False
2023-08-02,255.57000732421875,259.5199890136719,250.49000549316406,254.11000061035156,101752900,0.0,0.0,-0.02665954157355066,,,,,-0.5030004864206035,-0.2113557420617031,False,False,False
2023-08-03,252.0399932861328,260.489990234375,252.0,259.32000732421875,97569100,0.0,0.0,0.020502958173047814,,,,,-0.46662662461869786,-0.28729305838636837,False,False,False
2023-08-04,260.9700012207031,264.7699890136719,253.11000061035156,253.86000061035156,99539900,0.0,0.0,-0.02105509239416581,,,,,-0.6694630555750791,-0.3908823758653102,False,False,False
2023-08-07,251.4499969482422,253.64999389648438,242.75999450683594,251.4499969482422,111097900,0.0,0.0,-0.009493435973824349,,,,,-0.8971899937226908,-0.5190153268868611,False,False,False
2023-08-08,247.4499969482422,250.9199981689453,245.00999450683594,249.6999969482422,96642200,0.0,0.0,-0.006959634206558429,,,,,-1.1186919389406853,-0.6631288936845843,False,False,False
2023-08-09,250.8699951171875,251.10000610351562,241.89999389648438,242.19000244140625,101596300,0.0,0.0,-0.03007606967809695,,,,,-1.6276546599729613,-0.8859391307342006,False,False,False
2023-08-10,245.39999389648438,251.8000030517578,243.0,245.33999633789062,109498600,0.0,0.0,0.013006292021680244,,,,,-1.8027645117457496,-1.0913612377211157,False,False,False
2023-08-11,241.77000427246094,243.7899932861328,238.02000427246094,242.64999389648438,99038600,0.0,0.0,-0.01096438608281991,,,,,-2.0473307952582616,-1.3005219145613012,False,False,False
2023-08-14,235.6999969482422,240.66000366210938,233.75,239.75999450683594,98595300,0.0,0.0,-0.011910156448968756,,,,,-2.357531452172367,-1.5275232339717841,False,False,False
2023-08-15,238.72999572753906,240.5,232.61000061035156,232.9600067138672,88197600,0.0,0.0,-0.028361644764614224,,,,,-2.9404299046279334,-1.8265433741566364,False,False,False
2023-08-16,228.02000427246094,233.97000122070312,225.3800048828125,225.60000610351562,112484500,0.0,0.0,-0.03159340830287438,,,,13.34571062357989,-3.7651045690360547,-2.232091822516445,False,False,False
2023-08-17,226.05999755859375,226.74000549316406,218.8300018310547,219.22000122070312,120718400,0.0,0.0,-0.028280162722535862,,,,11.415457713280304,-4.717593784486752,-2.747320201922246,False,False,False
2023-08-18,214.1199951171875,217.5800018310547,212.36000061035156,215.49000549316406,136276600,0.0,0.0,-0.017014851321818125,,,,10.462688301165826,-5.60726470842323,-3.3358754610068195,False,False,False
2023-08-21,221.5500030517578,232.1300048828125,220.5800018310547,231.27999877929688,135702700,0.0,0.0,0.073274828918382,,,,35.14131175941995,-5.239020456433849,-3.7252729111490224,False,False,False
2023-08-22,240.25,240.82000732421875,229.5500030517578,233.19000244140625,130442800,0.0,0.0,0.008258403978685713,,,,37.38934168861581,-4.772264069555689,-3.9385125262345153,False,False,False
2023-08-23,229.33999633789062,238.97999572753906,229.2899932861328,236.86000061035156,101077600,0.0,0.0,0.01573823118710882,,,,41.57936583789628,-4.120085281215154,-3.975358077586934,False,False,False
2023-08-24,238.66000366210938,238.9199981689453,228.17999267578125,230.0399932861328,99777400,0.0,0.0,-0.02879341090367582,242.89800033569335,,,36.66843011705393,-4.012259923015705,-3.982824528996621,False,False,False
2023-08-25,231.30999755859375,239.0,230.35000610351562,238.58999633789062,106612200,0.0,0.0,0.037167463490241914,241.50550003051757,,0.4290942475003873,45.378404578758406,-3.315200417204778,-3.84805669274591,False,False,False
2023-08-28,242.5800018310547,244.3800048828125,235.35000610351562,238.82000732421875,107673700,0.0,0.0,0.0009640428763089126,240.07500076293945,,0.42844970973849217,45.59517550614907,-2.7205994029781095,-3.620889033322266,False,False,False
2023-08-29,238.5800018310547,257.4800109863281,237.77000427246094,257.17999267578125,134047600,0.0,0.0,0.07687791972402569,239.88050003051757,,0.5117542857798051,59.43419180418635,-0.9798649525357916,-3.089547731722925,False,False,False
2023-08-30,254.1999969482422,260.510009765625,250.58999633789062,256.8999938964844,121988400,0.0,0.0,-0.0010887269121663268,240.0199996948242,,0.5022252416679447,59.18692712078303,0.3644415024022294,-2.3954722058981592,False,False,False
2023-08-31,255.97999572753906,261.17999267578125,255.0500030517578,258.0799865722656,108861700,0.0,0.0,0.004593198535678855,239.95799865722657,,0.4971850085035847,59.94325351787155,1.487553493982034,-1.6159220085431578,False,False,False
2023-09-01,257.260009765625,259.0799865722656,242.00999450683594,245.00999450683594,132541600,0.0,0.0,-0.05064318329763218,239.51549835205077,,0.5243256247186273,49.091560558547975,1.426677049461233,-1.0055574833575955,False,False,False
2023-09-05,245.0,258.0,244.86000061035156,256.489990234375,129469600,0.0,0.0,0.046855214011356505,239.76749801635742,,0.5501137921677124,56.53462388190111,2.176300737594005,-0.3676434576946391,False,False,False
2023-09-06,255.13999938964844,255.38999938964844,245.05999755859375,251.9199981689453,116959800,0.0,0.0,-0.017817428513501543,239.87849807739258,,0.553680648830535,53.200107593673266,2.4086634839136423,0.18869404385909416,False,False,False
2023-09-07,245.07000732421875,252.80999755859375,243.27000427246094,251.49000549316406,115312900,0.0,0.0,-0.0017068620153485314,240.34349822998047,,0.5415809899647932,52.88404485685315,2.530952665162914,0.6578717855097715,False,False,False
2023-09-08,251.22000122070312,256.5199890136719,246.6699981689453,248.5,118367700,0.0,0.0,-0.01188916230408743,240.50149841308593,,0.5423408024086478,50.631481413725226,2.3798798489295905,1.002700275187794,False,False,False
2023-09-11,264.2699890136719,274.8500061035156,260.6099853515625,273.5799865722656,174667900,0.0,0.0,0.10092549928477124,242.047998046875,,0.6448431358129981,64.34873820560111,4.068595063081119,1.61648709779309,False,False,False
2023-09-12,270.760009765625,278.3900146484375,266.6000061035156,267.4800109863281,135999900,0.0,0.0,-0.022296863386701782,243.43399887084962,,0.649869930999075,59.98325161448961,4.891976249640436,2.2721043616738577,False,False,False
2023-09-13,270.07000732421875,274.9800109863281,268.1000061035156,271.29998779296875,111673700,0.0,0.0,0.014281354305895722,245.3509979248047,,0.6372457591145931,61.73399718000625,5.761904108900751,2.9705069763660936,False,False,False
2023-09-14,271.32000732421875,276.7099914550781,270.4200134277344,276.0400085449219,107709800,0.0,0.0,0.017471511114000693,247.872998046875,,0.6199800951104499,63.84759628750722,6.728525350419716,3.7224919528595435,False,False,False
2023-09-15,277.54998779296875,278.9800109863281,271.0,274.3900146484375,133692300,0.0,0.0,-0.005977372284481253,250.63149871826172,,0.6062149364488658,62.5523863196436,7.283427856556045,4.4349681482794105,False,False,False
2023-09-18,271.1600036621094,271.44000244140625,263.760009765625,265.2799987792969,101543300,0.0,0.0,-0.033200974462619715,253.12099838256836,,0.619062022262987,55.81947557227629,6.948546752672769,4.937847062696054,False,False,False
2023-09-19,264.3500061035156,267.8500061035156,261.20001220703125,266.5,103704000,0.0,0.0,0.004598918977371191,254.88199844360352,,0.5740118764362095,56.4948206725865,6.698759378559487,5.290120981406814,False,False,False
2023-09-20,267.0400085449219,273.92999267578125,262.4599914550781,262.5899963378906,122514600,0.0,0.0,-0.014671683535119606,256.35199813842775,,0.5794692306407571,53.66358419657402,6.129769992638273,5.458085668553803,False,False,False
2023-09-21,257.8500061035156,260.8599853515625,254.2100067138672,255.6999969482422,119951500,0.0,0.0,-0.026238620989897266,257.29399795532225,,0.5897262633539785,49.003230049709956,5.089561396880754,5.3843685658646105,False,False,False
2023-09-22,257.3999938964844,257.7900085449219,244.47999572753906,244.8800048828125,127524100,0.0,0.0,-0.042315182614647506,258.03599853515624,,0.6016743600991583,42.727816050547595,3.3904092415096727,4.985523685415516,False,False,False
2023-09-25,243.3800048828125,247.10000610351562,238.30999755859375,246.99000549316406,104636600,0.0,0.0,0.008616467528091087,258.45599899291994,,0.5890737670056186,44.22776354426506,2.183132827219879,4.424985907175786,False,False,False
2023-09-26,242.97999572753906,249.5500030517578,241.66000366210938,244.1199951171875,101993600,0.0,0.0,-0.011619945391094011,258.7209983825684,,0.5911611308046485,42.59372062402788,0.9923534842941422,3.7384010144163575,False,False,False
2023-09-27,244.25999450683594,245.3300018310547,234.5800018310547,240.5,136597200,0.0,0.0,-0.014828753029631048,257.8869987487793,,0.5221587977034456,40.5582854762925,-0.2303482724741457,2.9445971335455665,False,False,False
2023-09-28,240.02000427246094,247.5500030517578,238.64999389648438,246.3800048828125,117058900,0.0,0.0,0.02444908475181906,257.3609992980957,,0.5310920813795542,45.143836281965754,-0.730684840348772,2.209500716310895,False,False,False
2023-09-29,250.0,254.77000427246094,246.35000610351562,250.22000122070312,128522700,0.0,0.0,0.015585665483353939,256.9680000305176,,0.5342084348746752,47.96688155880206,-0.8166555386858363,1.604243102624396,False,False,False
2023-10-02,244.80999755859375,254.27999877929688,242.6199951171875,251.60000610351562,123810400,0.0,0.0,0.005515166158101437,257.29750061035156,,0.5011938958934207,48.98299424358176,-0.7675004435070889,1.1298778641819842,False,False,False
2023-10-03,248.61000061035156,250.02000427246094,244.4499969482422,246.52999877929688,101985300,0.0,0.0,-0.020151062008054166,256.7995010375977,,0.477138749596897,45.46983344042483,-1.1146072157646643,0.6809683344213541,False,False,False
2023-10-04,248.13999938964844,261.8599853515625,247.60000610351562,261.1600036621094,129721600,0.0,0.0,0.05934371052307452,257.26150131225586,,0.519048417454829,55.408448134029875,-0.23352778961705667,0.4980650307337004,False,False,False
2023-10-05,260.0,263.6000061035156,256.25,260.04998779296875,119159200,0.0,0.0,-0.00425032873937603,257.6895004272461,,0.5193868904722648,54.59540327520812,0.37253669003462164,0.47295891468580714,False,False,False
2023-10-06,253.97999572753906,261.6499938964844,250.64999389648438,260.5299987792969,118121800,0.0,0.0,0.001845841218459432,258.29100036621094,250.53519958496094,0.5167382238780918,54.903571137937256,0.8804915218104838,0.5544665994272923,True,True,False
2023-10-09,255.30999755859375,261.3599853515625,252.0500030517578,259.6700134277344,101377900,0.0,0.0,-0.003300907210654902,257.5955017089844,250.3997998046875,0.3643513292830864,54.19389137707691,1.2009322519595287,0.6837612062171734,True,False,False
2023-10-10,257.75,268.94000244140625,257.6499938964844,263.6199951171875,122656000,0.0,0.0,0.015211543440507347,257.40250091552736,250.32359985351562,0.36144075697273714,56.946586590651236,1.7479508725861308,0.8966010836523983,True,False,False
2023-10-11,266.20001220703125,268.6000061035156,260.8999938964844,262.989990234375,103706300,0.0,0.0,-0.002389822071472425,256.9870010375977,250.36199951171875,0.35722918475181087,56.364783414211786,2.106983163945813,1.1386792686994,True,False,False
2023-10-12,262.9200134277344,265.4100036621094,256.6300048828125,258.8699951171875,111508100,0.0,0.0,-0.015665976919941982,256.1285003662109,250.45719940185546,0.3534610775789027,52.58141910221251,2.040267038153388,1.3189978767339614,True,False,False
2023-10-13,258.8999938964844,259.6000061035156,250.22000122070312,251.1199951171875,102073800,0.0,0.0,-0.02993780718577166,254.96499938964843,250.29319915771484,0.3661672437126824,46.28746716867053,1.3548034268175684,1.3261590202419562,True,False,False
2023-10-16,250.0500030517578,255.39999389648438,248.47999572753906,253.9199981689453,88917200,0.0,0.0,0.01115006015531006,254.39699935913086,250.29439910888672,0.3531416814934808,48.677692154270474,1.0229645261929363,1.2655198945542476,True,False,False
2023-10-17,250.10000610351562,257.17999267578125,247.0800018310547,254.85000610351562,93562900,0.0,0.0,0.0036626021631882555,253.81449966430665,250.36239929199218,0.3529268637497983,49.481817406345726,0.8246733794796057,1.1773503276341082,True,False,False
2023-10-18,252.6999969482422,254.6300048828125,242.0800018310547,242.67999267578125,125147800,0.0,0.0,-0.04775363208267347,252.81899948120116,250.22199920654296,0.38661011685037405,40.532160883423224,-0.3005105806508084,0.8817774382206638,True,False,False
2023-10-19,225.9499969482422,230.61000061035156,216.77999877929688,220.11000061035156,170772700,0.0,0.0,-0.09300310180733784,251.03949966430665,249.78039916992188,0.49561100341774067,29.776094169839368,-2.9611211974901153,0.11319623876943198,True,False,False
2023-10-20,217.00999450683594,218.86000061035156,210.4199981689453,211.99000549316406,138010100,0.0,0.0,-0.036890623300491754,249.3949996948242,249.11339935302735,0.4908342157068015,27.00004437222165,-5.6533804333388105,-1.040120863105532,True,False,False
2023-10-23,210.0,216.97999572753906,202.50999450683594,212.0800018310547,150683400,0.0,0.0,0.0004245310418349302,247.64949951171874,248.50199951171874,0.48829398320321943,27.0811877088789,-7.69081296781053,-2.37026091479349,False,False,True
2023-10-24,216.5,222.0500030517578,214.11000061035156,216.52000427246094,118231100,0.0,0.0,0.02093550737020089,246.2694999694824,248.03719970703125,0.49790357565068183,31.147431973234973,-8.847757828249257,-3.6657615681079867,False,False,False
2023-10-25,215.8800048828125,220.10000610351562,212.1999969482422,212.4199981689453,107065100,0.0,0.0,-0.018935922882932887,244.8654998779297,247.62639953613282,0.49913585799413657,29.510907800913728,-9.977839585154868,-4.928178162057036,False,False,False
2023-10-26,211.32000732421875,214.8000030517578,204.8800048828125,205.75999450683594,115112600,0.0,0.0,-0.031352997455599385,242.83449935913086,247.2295993041992,0.4936927198582899,27.02680515587464,-11.277015649574679,-6.197946456607041,False,False,False
2023-10-27,210.60000610351562,212.41000366210938,205.77000427246094,207.3000030517578,94881200,0.0,0.0,0.00748448962886572,240.6884994506836,246.99119934082032,0.48926885281934557,28.525020881150382,-12.04407636782554,-7.367173025999071,False,False,False
2023-10-30,209.27999877929688,210.8800048828125,194.6699981689453,197.36000061035156,136448200,0.0,0.0,-0.04794984223383958,237.97649917602538,246.62859924316408,0.5049287263855886,24.96257398310415,-13.295968565718226,-8.552932610303449,False,False,False
2023-10-31,196.1199951171875,202.8000030517578,194.07000732421875,200.83999633789062,118068300,0.0,0.0,0.017632730628176496,235.69199905395507,246.01979919433595,0.5141465471585831,28.33695848698649,-13.848952590042984,-9.612136946666507,False,False,False
2023-11-01,204.0399932861328,205.99000549316406,197.85000610351562,205.66000366210938,121661700,0.0,0.0,0.023999240251476817,232.91699905395507,245.46919921875,0.46407613326817687,32.841701254347015,-13.741628781603396,-10.43803552600074,False,False,False
2023-11-02,212.97000122070312,219.1999969482422,211.4499969482422,218.50999450683594,125987600,0.0,0.0,0.06248172039245192,230.83999938964843,245.1021990966797,0.5331309054697106,43.109038701618616,-12.480468789381689,-10.846522262697777,False,False,False
2023-11-03,221.14999389648438,226.3699951171875,218.39999389648438,219.9600067138672,119534800,0.0,0.0,0.006635907937775798,228.81149978637694,244.90059936523437,0.5345873655201779,44.14671147509307,-11.234933509780205,-10.924204524896915,False,False,False
2023-11-06,223.97999572753906,226.32000732421875,215.0,219.27000427246094,117335800,0.0,0.0,-0.0031369449915676917,226.79149932861327,244.51419952392578,0.5346063017019207,43.73788540293621,-10.185850119197084,-10.776533624317498,False,False,False
2023-11-07,219.97999572753906,223.1199951171875,215.72000122070312,222.17999267578125,116900100,0.0,0.0,0.013271256198382764,224.71949920654296,244.18139923095703,0.5335385282332712,46.00873837431649,-9.016522813920318,-10.424531425167903,False,False,False
2023-11-08,223.14999389648438,224.14999389648438,217.63999938964844,222.11000061035156,106584800,0.0,0.0,-0.00031502415940676265,222.6754997253418,243.47999938964844,0.5338769028078104,45.960687453355895,-8.003180796889865,-9.940261258712614,False,False,False
2023-11-09,219.75,220.8000030517578,206.67999267578125,209.97999572753906,142110500,0.0,0.0,-0.054612601186257326,220.2309997558594,242.54159942626953,0.5587466911838971,38.463374718165966,-8.082647023285602,-9.568738386586618,False,False,False
2023-11-10,210.02999877929688,215.3800048828125,205.69000244140625,214.64999389648438,130994000,0.0,0.0,0.022240205086035525,218.40749969482422,241.6729995727539,0.5644855617614173,42.36163793228968,-7.681293802499596,-9.19124944941505,False,False,False
2023-11-13,215.60000610351562,225.39999389648438,211.61000061035156,223.7100067138672,140447600,0.0,0.0,0.04220830689495392,216.89700012207032,241.24699981689454,0.588147368578658,49.09859855754575,-6.558480335863408,-8.66469560399134,False,False,False
2023-11-14,235.02999877929688,238.13999938964844,230.72000122070312,237.41000366210938,149771600,0.0,0.0,0.06123998273248876,216.025,240.8654000854492,0.6339633983735242,57.23790963136824,-4.513874847848598,-7.834531424114879,False,False,False
2023-11-15,239.2899932861328,246.6999969482422,236.4499969482422,242.83999633789062,150354000,0.0,0.0,0.022871793909364557,216.03300018310546,240.68380004882812,0.6168335919844372,59.97007004286651,-2.4283982576774577,-6.753304760977986,False,False,False
2023-11-16,239.49000549316406,240.8800048828125,230.9600067138672,233.58999633789062,136816800,0.0,0.0,-0.038090924639652135,216.7069999694824,240.32579986572264,0.530940648615573,53.67829544215889,-1.503163018365143,-5.703276389264924,False,False,False
2023-11-17,232.0,237.38999938964844,226.5399932861328,234.3000030517578,142532800,0.0,0.0,0.0030395424675642158,217.8224998474121,240.04179992675782,0.5091153394365824,54.076566144739026,-0.7046197140691106,-4.703545036562037,False,False,False
2023-11-20,234.0399932861328,237.10000610351562,231.02000427246094,235.60000610351562,116320100,0.0,0.0,0.005548455120893081,218.99850006103514,239.2822003173828,0.5087621278860117,54.84215159109726,0.0325517405260598,-3.7563256677556836,False,False,False
2023-11-21,235.0399932861328,243.6199951171875,233.33999633789062,241.1999969482422,122288000,0.0,0.0,0.023769060694616817,220.2324996948242,238.75660003662108,0.5099811128463052,58.08382035474306,1.0556928070803622,-2.7939219619057853,False,False,False
2023-11-22,242.0399932861328,244.00999450683594,231.39999389648438,234.2100067138672,117950600,0.0,0.0,-0.028980059381488954,221.3220001220703,238.01480041503908,0.5176576029575696,52.9722134232148,1.2885141444515114,-1.977434733248173,False,False,False
2023-11-24,233.75,238.75,232.3300018310547,235.4499969482422,65125200,0.0,0.0,0.00529435207219775,222.80650024414064,237.20300018310547,0.4991633194967287,53.74978858319007,1.555006672987929,-1.270946446888093,False,False,False
2023-11-27,236.88999938964844,238.3300018310547,232.10000610351562,236.0800018310547,112031800,0.0,0.0,0.0026757481035388775,224.24550018310546,236.4367999267578,0.49942278830175924,54.164456617521196,1.7962581950889955,-0.6575055149410952,False,False,False
2023-11-28,236.67999267578125,247.0,234.00999450683594,246.72000122070312,148549900,0.0,0.0,0.04506946504203557,226.71350021362304,236.06559997558594,0.4721028616999449,60.590836867783274,2.812517604867338,0.03649911223500109,False,False,False
2023-11-29,249.2100067138672,252.75,242.75999450683594,244.13999938964844,135401300,0.0,0.0,-0.010457205813430348,228.87850036621094,235.61839996337892,0.47786957134666586,58.45081742744301,3.371087065801845,0.7034167054195307,False,False,False
2023-11-30,245.13999938964844,245.22000122070312,236.91000366210938,240.0800018310547,132353200,0.0,0.0,-0.016629792613843564,230.5995002746582,235.1682000732422,0.4840732822250925,55.14981912001179,3.44675300085089,1.2520839661322045,False,False,False
2023-12-01,233.13999938964844,240.19000244140625,231.89999389648438,238.8300018310547,121331700,0.0,0.0,-0.005206597761023168,231.61550064086913,234.83080017089844,0.4411388964023521,54.136116120549644,3.367132232941856,1.6750936204972693,False,False,False
2023-12-04,235.75,239.3699951171875,233.2899932861328,235.5800018310547,104099800,0.0,0.0,-0.01360800559009756,232.39650039672853,234.64480010986327,0.44586209707129604,51.48629642813845,3.007351575081202,1.941545211919551,False,False,False
2023-12-05,233.8699951171875,246.66000366210938,233.6999969482422,238.72000122070312,137971100,0.0,0.0,0.013328802806870987,233.36900024414064,234.47940002441408,0.44629034535674617,53.837289840063825,2.941471590187291,2.1415304878766186,False,False,False
2023-12-06,242.9199981689453,246.57000732421875,239.1699981689453,239.3699951171875,126436200,0.0,0.0,0.002722829646282676,234.22850036621094,234.38440002441405,0.44515159446599495,54.3306636376097,2.9081422858862425,2.2948528476647025,False,False,False
2023-12-07,241.5500030517578,244.0800018310547,236.97999572753906,242.63999938964844,107142300,0.0,0.0,0.01366087788429815,235.25500030517577,234.42720001220704,0.4460742776267499,56.830358241445396,3.109550981767626,2.457792474643556,True,True,False
2023-12-08,240.27000427246094,245.27000427246094,239.27000427246094,243.83999633789062,103126800,0.0,0.0,0.0049455858525417895,236.94800033569337,234.3763998413086,0.38704844178410835,57.744393803962865,3.327570210407174,2.6317480219314544,True,False,False
2023-12-11,242.74000549316406,243.44000244140625,237.4499969482422,239.74000549316406,97913900,0.0,0.0,-0.01681426716823431,238.20250091552734,234.16679992675782,0.39248759151155527,53.57088888409504,3.1335948764728982,2.732117392902138,True,False,False
2023-12-12,238.5500030517578,238.99000549316406,233.8699951171875,237.00999450683594,95328300,0.0,0.0,-0.011387381846063915,238.86750030517578,233.87499969482423,0.372183055073751,50.931266686164626,2.7282536696870068,2.7313446482587276,True,False,False
2023-12-13,234.19000244140625,240.3000030517578,228.1999969482422,239.2899932861328,146286300,0.0,0.0,0.009619842336358264,238.96149978637695,233.73019958496093,0.30422358499936275,53.01355292551502,2.561370463491926,2.697349811291842,True,False,False
2023-12-14,241.22000122070312,253.8800048828125,240.7899932861328,251.0500030517578,160829200,0.0,0.0,0.04914543063053567,239.37200012207032,233.5279995727539,0.3417511751968662,61.97640967859674,3.33908904390384,2.825697657855093,True,False,False
2023-12-15,251.2100067138672,254.1300048828125,248.3000030517578,253.5,135932800,0.0,0.0,0.009758999874367902,240.36750030517578,233.39699981689452,0.30806773728561676,63.536930674887,4.105706204104251,3.0816993671701103,True,False,False
2023-12-18,253.77999877929688,258.739990234375,251.36000061035156,252.0800018310547,116416500,0.0,0.0,-0.005601570686174839,241.25650024414062,233.22799987792968,0.31004789364529695,61.94997586449982,4.5463086047639365,3.3746212147485446,True,False,False
2023-12-19,253.47999572753906,258.3399963378906,253.00999450683594,257.2200012207031,106737400,0.0,0.0,0.0203903496997484,242.3375,233.17899963378906,0.31555790814372214,65.32597660480425,5.24956322384179,3.749609616628303,True,False,False
2023-12-20,256.4100036621094,259.8399963378906,247.0,247.13999938964844,125097000,0.0,0.0,-0.03918825045959673,242.6345001220703,232.84939971923828,0.34275396042190115,55.01677659979434,4.9369043275834485,3.98706855885029,True,False,False
2023-12-21,251.89999389648438,254.8000030517578,248.5500030517578,254.5,109594200,0.0,0.0,0.029780693649462897,243.64899978637695,232.67959991455078,0.3370084426759434,59.98258550171485,5.222606419662753,4.234176131038555,True,False,False
2023-12-22,256.760009765625,258.2200012207031,251.3699951171875,252.5399932861328,93370100,0.0,0.0,-0.007701401626197146,244.50349960327148,232.5529998779297,0.33968481007863655,58.14184474231929,5.230621003519815,4.433465105551434,True,False,False
2023-12-26,254.49000549316406,257.9700012207031,252.91000366210938,256.6099853515625,86892400,0.0,0.0,0.01611622781987765,245.52999877929688,232.6627996826172,0.34247300041013057,60.82992677239423,5.501867650765519,4.647145614608514,True,False,False
2023-12-27,258.3500061035156,263.3399963378906,257.5199890136719,261.44000244140625,106494400,0.0,0.0,0.018822405072142834,246.26599884033203,232.8131997680664,0.3124907236891696,63.800907940986015,6.036878031282953,4.9250920979582435,True,False,False
2023-12-28,263.6600036621094,265.1300048828125,252.7100067138672,253.17999267578125,113619900,0.0,0.0,-0.03159428430420175,246.71799850463867,232.7797994995117,0.3329755642637354,55.98098255718817,5.728489429210043,5.085771564215468,True,False,False
2023-12-29,255.10000610351562,255.19000244140625,247.42999267578125,248.47999572753906,100891600,0.0,0.0,-0.018563856087399966,247.13799819946288,232.89579956054686,0.3344802995219303,52.070174664470436,5.04674777651627,5.077966806675362,True,False,False
2024-01-02,250.0800018310547,251.25,244.41000366210938,248.4199981689453,104654200,0.0,0.0,-0.0002414583049958896,247.61749801635742,233.46199951171874,0.3335379749612005,52.020215082515435,4.450321280327813,4.95243770140242,True,False,False
2024-01-03,244.97999572753906,245.67999267578125,236.32000732421875,238.4499969482422,121082600,0.0,0.0,-0.04013364984377277,247.7609977722168,233.99119934082032,0.36224528207743806,44.39712689798803,3.13714701928248,4.589379564970491,True,False,False
2024-01-04,239.25,242.6999969482422,237.72999572753906,237.92999267578125,102629300,0.0,0.0,-0.0021807686270334248,247.72149734497071,234.50819915771484,0.35933266434284755,44.03467533017916,2.0310828872926265,4.077720229425965,True,False,False
2024-01-05,236.86000061035156,240.1199951171875,234.89999389648438,237.49000549316406,92488900,0.0,0.0,-0.001849229589212631,247.62749786376952,234.92759918212892,0.3592527854503041,43.709521432355494,1.1062706358379444,3.483430310700042,True,False,False
2024-01-08,236.13999938964844,241.25,235.3000030517578,240.4499969482422,85166600,0.0,0.0,0.012463646412957496,247.51799774169922,235.48819915771483,0.3586669646013412,46.56797358289775,0.6051847295672701,2.907781194467041,True,False,False
2024-01-09,238.11000061035156,238.9600067138672,232.0399932861328,234.9600067138672,96705700,0.0,0.0,-0.02283214932024613,247.07399826049806,236.07219940185547,0.36683083343072204,42.27959962753034,-0.23218505422178737,2.2797879447236493,True,False,False
2024-01-10,235.10000610351562,235.5,231.2899932861328,233.94000244140625,91628500,0.0,0.0,-0.004341182513256769,246.78399810791015,236.60499938964844,0.36261704124473776,41.5146691011547,-0.9669538554875317,1.6304395846767592,True,False,False
2024-01-11,230.57000732421875,230.92999267578125,225.3699951171875,227.22000122070312,105873600,0.0,0.0,-0.028725319101363445,246.29449844360352,237.20219940185547,0.3742553948889309,36.79191277752672,-2.0676092715914365,0.8908298134188795,True,False,False
2024-01-12,220.0800018310547,225.33999633789062,217.14999389648438,218.88999938964844,123043800,0.0,0.0,-0.036660513098772496,245.2744987487793,237.56319946289062,0.39112993487059455,31.941199474342255,-3.5708076702631786,-0.0014976833216251736,True,False,False
2024-01-16,215.10000610351562,223.49000549316406,212.17999267578125,219.91000366210938,115355000,0.0,0.0,0.004659894354722027,243.71749877929688,237.84819946289062,0.3391444253791338,33.10423621358416,-4.626472658781921,-0.9264926784170787,True,False,False
2024-01-17,214.86000061035156,215.6699981689453,212.00999450683594,215.5500030517578,103164400,0.0,0.0,-0.019826295019533036,241.81999893188475,237.78899963378908,0.3367210169008341,30.69002311861351,-5.748607677011989,-1.890915678138892,True,False,False
2024-01-18,216.8800048828125,217.4499969482422,208.74000549316406,211.8800048828125,108595400,0.0,0.0,-0.017026203279914,239.80999908447265,237.62739959716797,0.33814360397916426,28.7869656657666,-6.854996956226387,-2.8837319337587224,True,False,False
2024-01-19,209.99000549316406,213.19000244140625,207.55999755859375,212.19000244140625,102260300,0.0,0.0,0.0014630807600990448,237.55849914550782,237.48579956054687,0.32308559169665196,29.18640281150344,-7.618977448107927,-3.8307810366303428,True,False,False
2024-01-22,212.25999450683594,217.8000030517578,206.27000427246094,208.8000030517578,117952500,0.0,0.0,-0.015976244642273096,235.6414993286133,237.2181997680664,0.3046605753345851,27.377915886270088,-8.401116306861582,-4.744848090677964,False,False,True
2024-01-23,211.3000030517578,215.64999389648438,207.75,209.13999938964844,106605900,0.0,0.0,0.0016283349277841364,233.3734992980957,236.95879974365235,0.2728152506651377,27.860714418325387,-8.8910419832699,-5.574086869197348,False,False,False
2024-01-24,211.8800048828125,212.72999572753906,206.77000427246094,207.8300018310547,123369900,0.0,0.0,-0.006263735117226887,231.13799972534179,236.91579986572265,0.27299736283395604,27.112798947563803,-9.278057310888528,-6.314880957536296,False,False,False
2024-01-25,189.6999969482422,193.0,180.05999755859375,182.6300048828125,198076800,0.0,0.0,-0.12125293136804816,227.4390007019043,236.2754000854492,0.46771453422070935,17.4232419609568,-11.485672549426681,-7.34903927591517,False,False,False
2024-01-26,185.5,186.77999877929688,182.10000610351562,183.25,107343200,0.0,0.0,0.0033948152034783963,223.52950057983398,235.4661999511719,0.4553380003559219,18.197823056590664,-13.034936790238504,-8.486218778780536,False,False,False
2024-01-29,185.6300048828125,191.47999572753906,183.6699981689453,190.92999267578125,125013100,0.0,0.0,0.04190991910385411,220.417000579834,234.5365997314453,0.4973219055317446,27.295445373417238,-13.487582788312693,-9.48649158068746,False,False,False
2024-01-30,195.3300018310547,196.36000061035156,190.61000061035156,191.58999633789062,109982300,0.0,0.0,0.0034567835721344142,217.57250061035157,233.5115997314453,0.5004910868290856,28.036154384266155,-13.635866578207157,-10.316366580191726,False,False,False
2024-01-31,187.0,193.97000122070312,185.85000610351562,187.2899932861328,103221400,0.0,0.0,-0.02244377647032403,214.51600036621093,232.58559967041015,0.4995316567100026,26.165787029747165,-13.939652274676945,-11.041023719088997,False,False,False
2024-02-01,188.5,189.8800048828125,184.27999877929688,188.86000061035156,91843300,0.0,0.0,0.008382761388752824,212.0365005493164,231.67679962158203,0.4949224801457942,28.053075568249014,-13.893565862920582,-11.61153214785546,False,False,False
2024-02-02,185.0399932861328,188.69000244140625,182.0,187.91000366210938,110612700,0.0,0.0,-0.0050301649114266045,209.5355010986328,230.7229995727539,0.49434435185773973,27.593462812922752,-13.774906344811626,-12.04420698724678,False,False,False
2024-02-05,184.25999450683594,184.67999267578125,175.00999450683594,181.05999755859375,134294400,0.0,0.0,-0.03645365318513305,206.7140007019043,229.52019958496095,0.5008405108586329,24.479155573245265,-14.071379199568327,-12.449641429711154,False,False,False
2024-02-06,177.2100067138672,186.49000549316406,177.11000061035156,185.10000610351562,122676000,0.0,0.0,0.0223130928940527,203.94650115966797,228.5379995727539,0.5086349899114239,29.530776402921674,-13.821030781017413,-12.723919299972442,False,False,False
2024-02-07,188.17999267578125,189.7899932861328,182.67999267578125,187.5800018310547,111535200,0.0,0.0,0.01339813963135228,201.57750091552734,227.58059967041015,0.5150736566438241,32.51495480869842,-13.269555203637793,-12.833046480705523,False,False,False
2024-02-08,189.0,191.6199951171875,185.5800018310547,189.55999755859375,83034000,0.0,0.0,0.010555473441792307,199.3585006713867,226.65019958496094,0.5201900245311131,34.885777945525206,-12.52832303068854,-12.772101790702122,False,False,False
2024-02-09,190.17999267578125,194.1199951171875,189.47999572753906,193.57000732421875,84476300,0.0,0.0,0.021154303741671487,197.6760009765625,225.58719970703126,0.5263751633092866,39.51992484451999,-11.484933883678138,-12.514668209297309,False,False,False
2024-02-12,192.11000061035156,194.72999572753906,187.27999877929688,188.1300048828125,95498600,0.0,0.0,-0.028103539988478476,196.13800125122071,224.46699981689454,0.5209210227370697,35.79781793709651,-10.970530741941673,-12.205840715826163,False,False,False
2024-02-13,183.99000549316406,187.25999450683594,182.11000061035156,184.02000427246094,86759500,0.0,0.0,-0.021846598116614713,194.34350128173827,223.34579986572265,0.5215467290412492,33.249872125369876,-10.770343566988203,-11.918741286058557,False,False,False
2024-02-14,185.3000030517578,188.88999938964844,183.35000610351562,188.7100067138672,81203000,0.0,0.0,0.025486372853585015,193.00150146484376,222.3433999633789,0.5329741789114016,38.61876934198043,-10.116639030643569,-11.558320834975547,False,False,False
2024-02-15,189.16000366210938,200.8800048828125,188.86000061035156,200.4499969482422,120831800,0.0,0.0,0.06221180550417671,192.43000106811525,221.64079986572267,0.5832053567347362,49.55629976895576,-8.552682547854772,-10.957193177551375,False,False,False
2024-02-16,202.05999755859375,203.1699981689453,197.39999389648438,199.9499969482422,111346700,0.0,0.0,-0.0024943876658132247,191.81800079345703,220.86539978027344,0.5830537704837077,49.154569521969734,-7.269779373331119,-10.219710416707308,False,False,False
2024-02-20,196.1300048828125,198.60000610351562,189.1300048828125,193.75999450683594,104545800,0.0,0.0,-0.030957752117438453,191.06600036621094,219.9531997680664,0.5900976549595579,44.360168603359426,-6.675590450898596,-9.510886423545553,False,False,False
2024-02-21,193.36000061035156,199.44000244140625,191.9499969482422,194.77000427246094,103500300,0.0,0.0,0.00521268473502845,190.34750061035157,218.99579986572266,0.5906113110143968,45.29772048793114,-6.053413280049483,-8.819391794846329,False,False,False
2024-02-22,194.0,198.32000732421875,191.36000061035156,197.41000366210938,92739500,0.0,0.0,0.013554445406056326,189.8265007019043,218.06720001220702,0.5932837634973605,47.77486865266645,-5.286372463027163,-8.112787928482486,False,False,False
2024-02-23,195.30999755859375,197.57000732421875,191.5,191.97000122070312,78841900,0.0,0.0,-0.027556873210526134,190.29350051879882,217.1117999267578,0.4073127145489765,43.412327091618316,-5.05912554075411,-7.502055450936806,False,False,False
2024-02-26,192.2899932861328,201.77999877929688,192.0,199.39999389648438,111747100,0.0,0.0,0.03870392576202142,191.10100021362305,216.35959991455078,0.4268054197427893,50.11276903859697,-4.230730430410546,-6.847790446831549,False,False,False
2024-02-27,204.0399932861328,205.60000610351562,198.25999450683594,199.72999572753906,108645400,0.0,0.0,0.0016549741281637331,191.54100036621094,215.5683999633789,0.40337495896433495,50.39372025687539,-3.5071648430428866,-6.179665326073813,False,False,False
2024-02-28,200.4199981689453,205.3000030517578,198.44000244140625,202.0399932861328,99806200,0.0,0.0,0.01156560160219966,192.06350021362306,214.5881997680664,0.4046390506055211,52.41395121117148,-2.716029671252187,-5.486938195109485,False,False,False
2024-02-29,204.17999267578125,205.27999877929688,198.4499969482422,201.8800048828125,85907000,0.0,0.0,-0.0007918650199801869,192.79300079345703,213.55579986572266,0.3937589319100747,52.25522241214201,-2.078005030768452,-4.805151562241276,False,False,False
2024-03-01,200.52000427246094,204.52000427246094,198.5,202.63999938964844,82243100,0.0,0.0,0.003764585340074067,193.48200073242188,212.56699981689454,0.39342571571837726,52.98361364387986,-1.4938214338417595,-4.142885536561371,False,False,False
2024-03-04,198.72999572753906,199.75,186.72000122070312,188.13999938964844,134334900,0.0,0.0,-0.07155546804023882,193.49350051879884,211.18539978027343,0.47556171241481326,40.33898601654887,-2.1757896703839776,-3.749466363325892,False,False,False
2024-03-05,183.0500030517578,184.58999633789062,177.57000732421875,180.74000549316406,119660800,0.0,0.0,-0.03933237971984138,193.47750091552734,209.85739990234376,0.4786277355396222,35.66150361311465,-3.2756082083647584,-3.6546947323336654,False,False,False
2024-03-06,179.99000549316406,181.5800018310547,173.6999969482422,176.5399932861328,107920900,0.0,0.0,-0.02323786698783792,193.04950027465821,208.2981997680664,0.47821156645516527,33.30128591071433,-4.4350017218550875,-3.81075613023795,False,False,False
2024-03-07,174.35000610351562,180.0399932861328,173.6999969482422,178.64999389648438,102129000,0.0,0.0,0.011951969472048907,192.60299987792968,206.82039978027345,0.4776239262563198,35.60701194234045,-5.124498976612529,-4.073504699512865,False,False,False
2024-03-08,181.5,182.72999572753906,174.6999969482422,175.33999633789062,85544600,0.0,0.0,-0.018527834714126334,191.89199981689453,205.195,0.4786372717182469,33.64227088379927,-5.870348200154524,-4.432873399641196,False,False,False
2024-03-11,175.4499969482422,182.8699951171875,174.8000030517578,177.77000427246094,85391500,0.0,0.0,0.013858834181150304,191.10199966430665,203.5216000366211,0.4743431184530321,36.416111947799806,-6.19395865745966,-4.78509045120489,False,False,False
2024-03-12,177.77000427246094,179.42999267578125,172.41000366210938,177.5399932861328,87391700,0.0,0.0,-0.0012938683737420131,190.57249908447267,202.00880004882814,0.4656067272290812,36.2615998138322,-6.395261471165043,-5.1071246551969205,False,False,False
2024-03-13,173.0500030517578,176.0500030517578,169.14999389648438,169.47999572753906,106524500,0.0,0.0,-0.04539820808488959,189.84549865722656,200.42880004882812,0.48567137329802534,31.256821541063275,-7.1230564522203395,-5.510311014601605,False,False,False
2024-03-14,167.77000427246094,171.1699981689453,160.50999450683594,162.5,126325700,0.0,0.0,-0.04118477639544138,188.5349983215332,198.7104000854492,0.49024416562324125,27.692295672531642,-8.168897938653089,-6.042028399411903,False,False,False
2024-03-15,163.16000366210938,165.17999267578125,160.75999450683594,163.57000732421875,97146800,0.0,0.0,0.006584660456730784,186.69099884033204,197.21280029296875,0.42096511486765686,29.02845272474518,-8.809840100991039,-6.595590739727731,False,False,False
2024-03-18,170.02000427246094,174.72000122070312,165.89999389648438,173.8000030517578,108214400,0.0,0.0,0.06254200201423088,185.3834991455078,195.93020050048827,0.4930160519257241,40.37304630814006,-8.39554075193152,-6.95558074216849,False,False,False
2024-03-19,172.36000061035156,172.82000732421875,167.4199981689453,171.32000732421875,77271400,0.0,0.0,-0.014269250195585559,184.26149978637696,194.60680053710936,0.48554788361957957,38.755709308589296,-8.17310523605002,-7.199085640944795,False,False,False
2024-03-20,173.0,176.25,170.82000732421875,175.66000366210938,83846700,0.0,0.0,0.025332688257929448,183.30599975585938,193.31100067138672,0.49666393971779776,43.05491626421548,-7.559482164479789,-7.271164945651795,False,False,False
2024-03-21,176.38999938964844,178.17999267578125,171.8000030517578,172.82000732421875,73178000,0.0,0.0,-0.016167575308454918,182.07649993896484,192.06820068359374,0.49338443335024024,41.025417227927974,-7.2191270992107945,-7.260757376363595,False,False,False
2024-03-22,166.69000244140625,171.1999969482422,166.3000030517578,170.8300018310547,75580600,0.0,0.0,-0.01151490226146512,181.0194999694824,190.80600067138673,0.4874104771275038,39.616255927564225,-7.028944291447544,-7.214394759380386,False,False,False
2024-03-25,168.75999450683594,175.24000549316406,168.72999572753906,172.6300048828125,74228600,0.0,0.0,0.010536808713131895,179.68100051879884,189.7142007446289,0.46329053457658487,41.57121733650327,-6.656249098862276,-7.102765627276764,False,False,False
2024-03-26,178.5800018310547,184.25,177.3800048828125,177.6699981689453,113186200,0.0,0.0,0.029195349264770964,178.57800064086913,188.88980072021485,0.47995070637636866,46.76797579814612,-5.886346960953034,-6.859481894012017,False,False,False
2024-03-27,181.41000366210938,181.91000366210938,176.0,179.8300018310547,81804000,0.0,0.0,0.012157391142962881,177.46750106811524,188.08820068359375,0.4802326241402485,48.86699412441064,-5.043758799939525,-6.496337275197518,False,False,False
2024-03-28,177.4499969482422,179.57000732421875,175.3000030517578,175.7899932861328,77654800,0.0,0.0,-0.022465709302040393,176.16300048828126,187.29300048828125,0.48364412968579124,45.27133103090947,-4.648411857816512,-6.126752191721318,False,False,False
2024-04-01,176.1699981689453,176.75,170.2100067138672,175.22000122070312,81562100,0.0,0.0,-0.003242460249155976,174.792000579834,186.55980041503906,0.48231884943893805,44.77080179621188,-4.331163103921256,-5.767634374161306,False,False,False
2024-04-02,164.75,167.69000244140625,163.42999267578125,166.6300048828125,116650600,0.0,0.0,-0.049024062767074494,173.71650085449218,185.64860046386718,0.44757817261894267,37.95942823395358,-4.7184890431571205,-5.557805307960469,False,False,False
2024-04-03,164.02000427246094,168.82000732421875,163.27999877929688,168.3800048828125,82950100,0.0,0.0,0.01050231020055925,173.0985008239746,184.8402005004883,0.43258004631693087,39.96337352695363,-4.828576652390751,-5.411959576846526,False,False,False
2024-04-04,170.07000732421875,177.19000244140625,168.00999450683594,171.11000061035156,123162000,0.0,0.0,0.016213301154368365,172.82700119018554,184.07960052490233,0.4309860832164413,43.0535638064151,-4.642023995119416,-5.2579724605011045,False,False,False
2024-04-05,169.0800018310547,170.86000061035156,160.50999450683594,164.89999389648438,143157600,0.0,0.0,-0.036292482565110196,172.13950119018554,183.22100036621094,0.4452313942990919,38.23276078464409,-4.938348385767938,-5.1940476455544715,False,False,False
2024-04-08,169.33999633789062,174.5,167.7899932861328,172.97999572753906,104423300,0.0,0.0,0.04899940648952894,172.02150115966796,183.02800018310546,0.4785265129110633,46.60955578172196,-4.469676175819046,-5.0491733516073865,False,False,False
2024-04-09,172.91000366210938,179.22000122070312,171.9199981689453,176.8800048828125,102951700,0.0,0.0,0.02254601255405486,171.97700119018555,182.90060028076172,0.4828963984978982,50.12546314185956,-3.7404349011496265,-4.787425661515835,False,False,False
2024-04-10,173.0399932861328,174.92999267578125,170.00999450683594,171.75999450683594,84532400,0.0,0.0,-0.028946236061948905,171.6880012512207,182.51720031738282,0.49387287323360646,45.856119727173706,-3.534899399902656,-4.5369204091932,False,False,False
2024-04-11,172.5500030517578,175.8800048828125,168.50999450683594,174.60000610351562,94516000,0.0,0.0,0.01653476762638495,171.94400177001953,182.1774005126953,0.46863674585750326,48.47752037940002,-3.107030158231879,-4.250942359000936,False,False,False
2024-04-12,172.33999633789062,173.80999755859375,170.36000061035156,171.0500030517578,64722700,0.0,0.0,-0.020332204625772565,172.37150192260742,181.8526007080078,0.44862704905539824,45.51134392588924,-3.0195880695265487,-4.004671501106058,False,False,False
2024-04-15,170.24000549316406,170.69000244140625,161.3800048828125,161.47999572753906,100245300,0.0,0.0,-0.05594859487563397,172.26700134277343,181.30500061035156,0.49446854383903327,38.6464421076249,-3.6800867511703643,-3.939754551118919,False,False,False
2024-04-16,156.74000549316406,158.19000244140625,153.75,157.11000061035156,97000000,0.0,0.0,-0.027062145360474688,171.43250122070313,180.6890005493164,0.4433691972348143,35.977729614672995,-4.504236461837621,-4.05265093326266,False,False,False
2024-04-17,157.63999938964844,158.3300018310547,153.77999877929688,155.4499969482422,82439700,0.0,0.0,-0.010565868854054306,170.6390007019043,180.1768005371094,0.4424989307407197,34.989312054815926,-5.231029302188432,-4.288326607047814,False,False,False
2024-04-18,151.25,152.1999969482422,148.6999969482422,149.92999267578125,96098800,0.0,0.0,-0.03550983840996058,169.35250015258788,179.47340026855468,0.4408368358776899,31.855281691796307,-6.181182919004158,-4.666897869439083,False,False,False
2024-04-19,148.97000122070312,150.94000244140625,146.22000122070312,147.0500030517578,87074500,0.0,0.0,-0.0192088959161848,168.06399993896486,178.66280029296874,0.44175938941507725,30.328908367102045,-7.084907034431012,-5.150499702437469,False,False,False
2024-04-22,140.55999755859375,144.44000244140625,138.8000030517578,142.0500030517578,107097600,0.0,0.0,-0.03400203941675628,166.625,177.71260040283204,0.45145926498183486,27.835243391619514,-8.111073454933432,-5.742614452936662,False,False,False
2024-04-23,143.3300018310547,147.25999450683594,141.11000061035156,144.67999267578125,124545100,0.0,0.0,0.018514534090260826,165.22749938964844,176.73480010986327,0.4568462927528506,31.04672146468802,-8.612816471441818,-6.316654856637694,False,False,False
2024-04-24,162.83999633789062,167.97000122070312,157.50999450683594,162.1300048828125,181178000,0.0,0.0,0.12061109407252757,164.45049972534179,176.2148001098633,0.6365241086803528,47.68279197954816,-7.515745169384729,-6.556472919187102,False,False,False
2024-04-25,158.9600067138672,170.8800048828125,158.36000061035156,170.17999267578125,126427500,0.0,0.0,0.04965143743002587,163.96799926757814,175.93799987792968,0.6623993466784234,53.28243337878634,-5.9284028944710485,-6.430858914243893,False,False,False
2024-04-26,168.85000610351562,172.1199951171875,166.3699951171875,168.2899932861328,109815700,0.0,0.0,-0.011105884774887609,163.59299926757814,175.529599609375,0.6589515911076872,51.87847578637001,-4.767967631994679,-6.098280657794051,False,False,False
2024-04-29,188.4199981689453,198.8699951171875,184.5399932861328,194.0500030517578,243869700,0.0,0.0,0.1530691710339953,164.53449935913085,175.40159973144532,0.856953162153048,65.29925609315768,-1.74953019070486,-5.228530564376213,False,False,False
2024-04-30,186.97999572753906,190.9499969482422,182.83999633789062,183.27999877929688,127031800,0.0,0.0,-0.05550118063944742,165.36699905395508,175.0681997680664,0.8628009591947711,58.01428441479341,-0.22386520651497221,-4.227597492803965,False,False,False
2024-05-01,182.0,185.86000061035156,179.00999450683594,179.99000549316406,92829700,0.0,0.0,-0.017950640048260635,165.94749908447267,174.79279998779296,0.8667812407036977,55.960453535889485,0.711558013695452,-3.2397663915040815,False,False,False
2024-05-02,182.86000061035156,184.60000610351562,176.02000427246094,180.00999450683594,89148000,0.0,0.0,0.0001110562423569661,166.3924987792969,174.49759979248046,0.8658249525270977,55.97065242867099,1.4379250918876778,-2.3042280948257297,False,False,False
2024-05-03,182.10000610351562,184.77999877929688,178.4199981689453,181.19000244140625,75491500,0.0,0.0,0.006555235656792835,167.20699920654297,174.1731997680664,0.8527163361018663,56.60947947441173,2.084761152180846,-1.4264302454244142,False,False,False
2024-05-06,183.8000030517578,187.55999755859375,182.1999969482422,184.75999450683594,84390300,0.0,0.0,0.019703030064167848,167.7959991455078,174.02899963378906,0.8393696324640734,58.568068130450484,2.852569188026422,-0.5706303587342468,False,False,False
2024-05-07,182.39999389648438,183.25999450683594,177.39999389648438,177.80999755859375,75045900,0.0,0.0,-0.03761635178001177,167.84249877929688,173.59719970703125,0.8493766043344109,53.5046696379304,2.8672047098331745,0.11693665497923766,False,False,False
2024-05-08,171.58999633789062,176.05999755859375,170.14999389648438,174.72000122070312,79969500,0.0,0.0,-0.017378079862311324,167.99049911499023,173.09699981689454,0.8448483160552566,51.377922850786774,2.5995012130995008,0.6134495666032905,False,False,False
2024-05-09,175.00999450683594,175.6199951171875,171.3699951171875,171.97000122070312,65950300,0.0,0.0,-0.01573946875450305,167.8589988708496,172.49559997558595,0.8453163102846231,49.4924408800142,2.1407648900679703,0.9189126312962266,False,False,False
2024-05-10,173.0500030517578,173.05999755859375,167.75,168.47000122070312,72627200,0.0,0.0,-0.02035238689978358,167.72999877929686,171.82739990234376,0.8453229147507895,47.12220545818796,1.4777576876974479,1.0306816425764709,False,False,False
2024-05-13,170.0,175.39999389648438,169.0,171.88999938964844,67018900,0.0,0.0,0.020300339194899042,168.25049896240233,171.21239990234375,0.8207466886155319,49.65917610718402,1.2142873720945033,1.0674027884800774,False,False,False
2024-05-14,174.5,179.49000549316406,174.07000732421875,177.5500030517578,86407400,0.0,0.0,0.03292805679333921,169.27249908447266,171.00059997558594,0.8179373522325595,53.62473190475269,1.4455369109213336,1.1430296129683286,False,False,False
2024-05-15,179.89999389648438,180.0,173.11000061035156,173.99000549316406,79663000,0.0,0.0,-0.02005067585133169,170.19949951171876,170.86559997558595,0.8213747525388458,50.908352316892014,1.3262536060800585,1.1796744115906745,False,False,False
2024-05-16,174.10000610351562,175.7899932861328,171.42999267578125,174.83999633789062,59812200,0.0,0.0,0.004885285464054867,171.44499969482422,170.8316000366211,0.8061173670090909,51.539545125067775,1.2854895511074176,1.2008374394940233,True,True,False
2024-05-17,173.5500030517578,179.6300048828125,172.75,177.4600067138672,77445800,0.0,0.0,0.014985188920464187,172.9654998779297,170.80780029296875,0.7994296312847564,53.52319117076336,1.4479060945843685,1.2502511705120924,True,False,False
2024-05-20,177.55999755859375,177.75,173.52000427246094,174.9499969482422,61727400,0.0,0.0,-0.014144086952910362,174.6104995727539,170.8000003051758,0.7877639055111755,51.354430182315966,1.358426495209784,1.271886235451631,True,False,False
2024-05-21,175.50999450683594,186.8800048828125,174.7100067138672,186.60000610351562,115266500,0.0,0.0,0.06659050790792542,176.7065002441406,170.97660034179688,0.8115083061892706,59.54756185933642,2.2021860992673226,1.4579462082147694,True,False,False
2024-05-22,182.85000610351562,183.8000030517578,178.1199951171875,180.11000061035156,88313500,0.0,0.0,-0.03478030697150003,177.6055000305176,171.02800048828124,0.7233617747597271,54.08282231159726,2.320433998861091,1.6304437663440339,True,False,False
2024-05-23,181.8000030517578,181.89999389648438,173.25999450683594,173.74000549316406,71975500,0.0,0.0,-0.03536724832380789,177.78350067138672,171.11320068359376,0.7185765526013062,49.30053329144847,1.8784869658187517,1.6800524062389774,True,False,False
2024-05-24,174.83999633789062,180.0800018310547,173.72999572753906,179.24000549316406,65584500,0.0,0.0,0.03165649721483632,178.33100128173828,171.44800079345703,0.7242756382591657,53.15240690324272,1.9495713057087016,1.7339561861329222,True,False,False
2024-05-28,176.39999389648438,178.25,173.16000366210938,176.75,59736600,0.0,0.0,-0.01389201861667555,177.46600112915038,171.71160064697267,0.4647877308645332,51.253876086047484,1.7844139282148035,1.7440477345492986,True,False,False
2024-05-29,174.19000244140625,178.14999389648438,173.92999267578125,176.19000244140625,54782600,0.0,0.0,-0.0031683030189180172,177.11150131225585,171.75940063476563,0.4235478702477347,50.81428282321163,1.5900097546510779,1.7132401385696545,True,False,False
2024-05-30,178.5800018310547,182.6699981689453,175.3800048828125,178.7899932861328,77618400,0.0,0.0,0.014756744473008343,177.0515007019043,171.90880035400392,0.42274985687136235,52.83682557477542,1.626985684366673,1.6959892477290583,True,False,False
2024-05-31,178.5,180.32000732421875,173.82000732421875,178.0800018310547,67314600,0.0,0.0,-0.003971091681523098,176.95500106811522,171.9572003173828,0.422983793318793,52.20551785964629,1.5807767912344843,1.6729467564301437,True,False,False
2024-06-03,178.1300048828125,182.63999938964844,174.49000549316406,176.2899932861328,68568900,0.0,0.0,-0.0100517100545634,176.71000061035156,172.0266000366211,0.423570825588236,50.56514599939521,1.3837659968865523,1.6151106045214254,True,False,False
2024-06-04,174.77999877929688,177.75999450683594,174.0,174.77000427246094,60056300,0.0,0.0,-0.008622094682395387,176.21050109863282,172.10540008544922,0.4170604328004872,49.15279023498983,1.092390719811533,1.5105666275794472,True,False,False
2024-06-05,175.35000610351562,176.14999389648438,172.1300048828125,175.0,57953800,0.0,0.0,0.0013159908560766986,176.07000122070312,172.15279998779297,0.3958810131772513,49.383173937415364,0.8700035857777948,1.3824540192191168,True,False,False
2024-06-06,174.60000610351562,179.72999572753906,172.72999572753906,177.94000244140625,69887000,0.0,0.0,0.01680001395089281,176.2310012817383,172.1582000732422,0.3951491643770695,52.35494317337477,0.9203841780841913,1.2900400509921317,True,False,False
2024-06-07,176.1300048828125,179.35000610351562,175.5800018310547,177.47999572753906,56244900,0.0,0.0,-0.0025851787543875737,176.5065010070801,172.11119995117187,0.3903984555616756,51.84207738223401,0.9126717529122175,1.2145663913761489,True,False,False
2024-06-10,176.05999755859375,178.57000732421875,173.1699981689453,173.7899932861328,50774600,0.0,0.0,-0.020791089307163446,176.77250061035156,172.07119995117188,0.3907325014292995,47.797283282554574,0.6018692807627133,1.0920269692534619,True,False,False
2024-06-11,173.9199981689453,174.75,167.41000366210938,170.66000366210938,64761900,0.0,0.0,-0.018010183238054034,176.71100082397462,171.98,0.39039020953764286,44.617345116464925,0.10181838959783818,0.8939852533223371,True,False,False
2024-06-12,171.1199951171875,180.5500030517578,169.8000030517578,177.2899932861328,90389400,0.0,0.0,0.03884911216309472,176.69800033569337,172.1931997680664,0.3975298304686779,51.91494742005355,0.23776834353796517,0.7627418713654628,True,False,False
2024-06-13,188.38999938964844,191.0800018310547,181.22999572753906,182.47000122070312,118984100,0.0,0.0,0.029217711832219218,177.12200012207032,172.47499969482422,0.402644513364572,56.71400624466506,0.7547922209885201,0.7611519412900744,True,False,False
2024-06-14,185.8000030517578,186.0,176.9199981689453,178.00999450683594,82038200,0.0,0.0,-0.024442410719736185,177.28050003051757,172.6129995727539,0.4138203613488996,51.910169944075236,0.7954822877445338,0.7680180105809663,True,False,False
2024-06-17,177.9199981689453,188.80999755859375,177.0,187.44000244140625,109786100,0.0,0.0,0.052974598199923895,177.77949981689454,173.06379974365234,0.45089434806756,59.685523208176676,1.5705479668455098,0.9285240018338751,True,False,False
2024-06-18,186.55999755859375,187.1999969482422,182.3699951171875,184.86000061035156,68982300,0.0,0.0,-0.013764414198944475,178.275,173.30139984130858,0.45070354979369226,56.97147838284007,1.9540830680803367,1.1336358150831676,True,False,False
2024-06-20,184.67999267578125,185.2100067138672,179.66000366210938,181.57000732421875,55893100,0.0,0.0,-0.017797215597047833,178.02350006103515,173.39519989013672,0.3883538945876332,53.622917997313884,1.969855178840362,1.3008796878346065,True,False,False
2024-06-21,182.3000030517578,183.9499969482422,180.69000244140625,183.00999450683594,61937300,0.0,0.0,0.00793075466503601,178.1684997558594,173.62019989013672,0.36827554747288505,54.87313137741371,2.0746345231597445,1.4556306548996343,True,False,False
2024-06-24,184.97000122070312,188.8000030517578,182.5500030517578,182.5800018310547,61992100,0.0,0.0,-0.0023495584322592578,178.6104995727539,173.7797998046875,0.3427327112909651,54.40152581538103,2.098782633993551,1.5842610507184178,True,False,False
2024-06-25,184.39999389648438,187.97000122070312,182.00999450683594,187.35000610351562,62905700,0.0,0.0,0.026125557150967316,179.0159996032715,174.10579986572264,0.3370507495850759,58.647375770230255,2.4742974966473525,1.7622683399042052,True,False,False
2024-06-26,186.5399932861328,197.75999450683594,186.36000061035156,196.3699951171875,95737100,0.0,0.0,0.04814512260377568,179.99699935913085,174.80359985351564,0.36775266140350915,65.23882235391943,3.4598504446622655,2.1017847608558173,True,False,False
2024-06-27,195.1699981689453,198.72000122070312,194.0500030517578,197.4199981689453,72746500,0.0,0.0,0.0053470646120412635,181.05849914550782,175.6097998046875,0.36632131466933426,65.91982486909279,4.276339743104614,2.536695757305577,True,False,False
2024-06-28,199.5500030517578,203.1999969482422,195.25999450683594,197.8800048828125,95438100,0.0,0.0,0.002330091774560339,182.01299972534179,176.4583999633789,0.365014114277575,66.23194271648697,4.904001810863662,3.0101569680171942,True,False,False
2024-07-01,201.02000427246094,213.22999572753906,200.85000610351562,209.86000061035156,135691400,0.0,0.0,0.060541719385108106,183.60199966430665,177.65700012207031,0.41201222044769115,73.13296844799147,6.295542940780507,3.6672341625698577,True,False,False
2024-07-02,218.88999938964844,231.3000030517578,218.05999755859375,231.25999450683594,205047900,0.0,0.0,0.10197271435359379,186.3504997253418,179.3411999511719,0.5220884118576512,80.7147906811776,9.0211596346239,4.7380192569806665,True,False,False
2024-07-03,234.55999755859375,248.35000610351562,234.25,246.38999938964844,166561500,0.0,0.0,0.06542422054051067,189.93149948120117,181.4279998779297,0.5448976156969868,84.1256251655561,12.260761011505878,6.242567607885709,True,False,False
2024-07-05,249.80999755859375,252.3699951171875,242.4600067138672,251.52000427246094,154501200,0.0,0.0,0.02082067005771515,193.75749969482422,183.56480010986328,0.541429871445632,85.08860659091008,15.068417619350043,8.007737610178577,True,False,False
2024-07-08,247.7100067138672,259.44000244140625,244.57000732421875,252.94000244140625,157219600,0.0,0.0,0.005645666924397386,197.50749969482422,185.38100006103517,0.5434304845628812,85.35346326060053,17.209704926319716,9.848131073406805,True,False,False
2024-07-09,251.0,265.6099853515625,250.3000030517578,262.3299865722656,160210900,0.0,0.0,0.03712336538398886,201.74999923706054,187.22399993896485,0.5414859443004537,86.9980706749029,19.44028823820514,11.766562506366473,True,False,False
2024-07-10,262.79998779296875,267.5899963378906,257.8599853515625,263.260009765625,128519400,0.0,0.0,0.003545241645880992,206.22350006103517,189.1234002685547,0.5236084282749053,87.1519492465681,21.040544382888896,13.62135888167096,True,False,False
2024-07-11,263.29998779296875,271.0,239.64999389648438,241.02999877929688,221707300,0.0,0.0,-0.08444127539962887,209.74199981689452,190.06300018310546,0.6319508277566505,66.80102803551397,20.281193841479848,14.953325873632737,True,False,False
2024-07-12,235.8000030517578,251.83999633789062,233.08999633789062,248.22999572753906,155955800,0.0,0.0,0.029871787680814776,213.28899993896485,191.3620001220703,0.6288485417724199,69.30139060708467,20.029495090945943,15.96855971709538,True,False,False
2024-07-15,255.97000122070312,265.6000061035156,251.72999572753906,252.63999938964844,146912900,0.0,0.0,0.01776579679334911,216.7974998474121,192.815,0.6273814456407418,70.75427821319005,19.955834021861165,16.766014578048537,True,False,False
2024-07-16,255.30999755859375,258.6199951171875,245.8000030517578,256.55999755859375,126332500,0.0,0.0,0.015516142251486675,220.725,194.34600006103517,0.6079900729926637,72.02182582960094,19.98341185031029,17.409494032500888,True,False,False
2024-07-17,252.72999572753906,258.4700012207031,246.17999267578125,248.5,115584800,0.0,0.0,-0.031415644041518975,223.7779998779297,195.69220001220702,0.6193840538745472,65.7151412105714,19.13432445760833,17.754460117522378,True,False,False
2024-07-18,251.08999633789062,257.1400146484375,247.1999969482422,249.22999572753906,110869000,0.0,0.0,0.002937608561525362,226.99649963378906,196.9816000366211,0.6119186355528021,66.00548724503042,18.309263344696745,17.865420762957253,True,False,False
2024-07-19,247.7899932861328,249.44000244140625,236.8300018310547,239.1999969482422,87403900,0.0,0.0,-0.040243947162209914,229.87799911499025,198.20940002441407,0.6330633246084241,58.65548594149446,16.654081510689508,17.623152912503706,True,False,False
2024-07-22,244.2100067138672,253.2100067138672,243.75,251.50999450683594,101225400,0.0,0.0,0.05146320115237035,233.30299911499023,199.74519989013672,0.6456868533731289,63.959875669016185,16.14949062591461,17.32842045518589,True,False,False
2024-07-23,253.60000610351562,255.75999450683594,245.6300048828125,246.3800048828125,111928200,0.0,0.0,-0.020396762498772203,236.4929992675781,201.2333999633789,0.655885467056264,60.47765961717245,15.160886168234953,16.8949135977957,True,False,False
2024-07-24,225.4199981689453,225.99000549316406,214.7100067138672,215.99000549316406,167942900,0.0,0.0,-0.12334604589403697,237.92499923706055,202.18380004882812,0.8192458888431684,44.886917910915344,11.789291439707824,15.873789166178124,True,False,False
2024-07-25,216.8000030517578,226.0,216.22999572753906,220.25,100636500,0.0,0.0,0.01972310939623889,239.11899948120117,203.15100006103515,0.8070935652126751,46.95138919665688,9.353206338903277,14.569672600723157,True,False,False
2024-07-26,221.19000244140625,222.27999877929688,215.3300018310547,219.8000030517578,94604100,0.0,0.0,-0.0020431189477511102,240.2379997253418,203.99600006103515,0.8077214943171475,46.752165455179544,7.3021062176214855,13.116159324102822,True,False,False
2024-07-29,224.89999389648438,234.27000427246094,224.6999969482422,232.10000610351562,129201800,0.0,0.0,0.055959976710561854,241.94899978637696,205.1582000732422,0.8261493718088313,52.664511472280395,6.593100878667883,11.811547635015836,True,False,False
2024-07-30,232.25,232.41000366210938,220.0,222.6199951171875,100560300,0.0,0.0,-0.04084450985365373,242.58699951171874,206.11380004882812,0.8211502462094401,48.22047437617715,5.20623712229272,10.490485532471213,True,False,False
2024-07-31,227.89999389648438,234.67999267578125,226.7899932861328,232.07000732421875,67497000,0.0,0.0,0.04244907202543402,242.62750015258788,207.20600006103516,0.751421825302111,52.52143450597999,4.81417974198942,9.355224374374854,True,False,False
2024-08-01,227.69000244140625,231.8699951171875,214.3300018310547,216.86000061035156,83861900,0.0,0.0,-0.06554059651757449,241.15100021362304,208.04420013427733,0.7469233301784551,45.91132178921146,3.2388159660390556,8.131942692707694,True,False,False
2024-08-02,214.8800048828125,216.1300048828125,205.77999877929688,207.6699981689453,82880100,0.0,0.0,-0.042377581921705376,238.95849990844727,208.46559997558595,0.7513162123402143,42.43612863968134,1.234541407813083,6.752462435728772,True,False,False
2024-08-05,185.22000122070312,203.8800048828125,182.0,198.8800048828125,100308800,0.0,0.0,-0.04232673647438423,236.25550003051757,208.84100006103515,0.7586555665724702,39.366777228942034,-1.0510240638459152,5.191765135813834,True,False,False
2024-08-06,200.75,202.89999389648438,192.6699981689453,200.63999938964844,73783900,0.0,0.0,0.008849529684359148,233.1710006713867,209.37899993896485,0.7413939507831713,40.297902045072384,-2.6893333582866887,3.615545436993729,True,False,False
2024-08-07,200.77000427246094,203.49000549316406,191.47999572753906,191.75999450683594,71159800,0.0,0.0,-0.044258397676563366,229.59599990844725,209.62939971923828,0.7472856247667528,37.194338354988986,-4.650637799119437,1.9623087897710956,True,False,False
2024-08-08,195.6999969482422,200.6999969482422,192.0399932861328,198.83999633789062,65033900,0.0,0.0,0.036921162045623124,227.48649978637695,210.0711996459961,0.7206189832476483,41.08992316174982,-5.569487141340545,0.45594960354876707,True,False,False
2024-08-09,197.0500030517578,200.8800048828125,195.11000061035156,200.0,58648300,0.0,0.0,0.005833854775063374,225.075,210.54739959716798,0.7085636061502325,41.72766798268937,-6.1333775061588085,-0.8619158183927484,True,False,False
2024-08-12,199.02000427246094,199.25999450683594,194.6699981689453,197.49000549316406,64044900,0.0,0.0,-0.012549972534179665,222.31750030517577,210.92139984130858,0.7010706593228345,40.700929654755974,-6.705503393246602,-2.0306333333635194,True,False,False
2024-08-13,198.47000122070312,208.49000549316406,197.05999755859375,207.8300018310547,76247400,0.0,0.0,0.05235706137163754,219.88100051879883,211.51639984130858,0.7312950672585841,46.537009262064075,-6.252491166298199,-2.8750048999504556,True,False,False
2024-08-14,207.38999938964844,208.44000244140625,198.75,201.3800048828125,70250000,0.0,0.0,-0.0310349655555765,217.52500076293944,212.01820007324218,0.7311445930482763,43.65103984902116,-6.340843266639524,-3.5681725732882694,True,False,False
2024-08-15,205.02000427246094,215.8800048828125,204.82000732421875,214.13999938964844,89848500,0.0,0.0,0.06336276788880446,215.77050094604493,212.80559997558595,0.7748486733071202,50.227047630336926,-5.319913377155103,-3.9185207340616364,True,False,False
2024-08-16,211.14999389648438,219.8000030517578,210.8000030517578,216.1199951171875,88765100,0.0,0.0,0.009246267550119258,214.6165008544922,213.62799987792968,0.7660444689530014,51.17914258520717,-4.301465361709262,-3.9951096595911624,True,False,False
2024-08-19,217.07000732421875,222.97999572753906,214.08999633789062,222.72000122070312,76435200,0.0,0.0,0.030538618603692225,213.17700119018554,214.52359985351563,0.7493971513872707,54.31614175709122,-2.928020243795885,-3.7816917764321074,False,False,True
2024-08-20,224.8800048828125,228.22000122070312,219.55999755859375,221.10000610351562,74001200,0.0,0.0,-0.007273684933137958,211.9130012512207,215.39600006103515,0.747259783470247,53.40899519122644,-1.9478218815067976,-3.414917797447046,False,False,False
2024-08-21,222.6699981689453,224.66000366210938,218.86000061035156,223.27000427246094,70146000,0.0,0.0,0.009814554993405888,212.27700119018556,216.3856002807617,0.6011473443430653,54.50507418381916,-0.9845575344234305,-2.928845744842323,False,False,False
2024-08-22,223.82000732421875,224.8000030517578,210.32000732421875,210.66000366210938,79514500,0.0,0.0,-0.056478704568676985,211.79750137329103,217.18560028076172,0.6319857576384825,47.51038037083695,-1.2245691902546696,-2.5879904339247926,False,False,False
2024-08-23,214.4600067138672,221.47999572753906,214.2100067138672,220.32000732421875,81525200,0.0,0.0,0.04585589810206048,211.82350158691406,218.04620056152345,0.6539005194398063,52.53551198311637,-0.6280587237931456,-2.1960040918984634,False,False,False
2024-08-26,218.75,219.08999633789062,211.00999450683594,213.2100067138672,59301200,0.0,0.0,-0.0322712435275504,210.87900161743164,218.66100067138672,0.6299742630038239,48.83008289056577,-0.7207293898023295,-1.9009491514792365,False,False,False
2024-08-27,213.25,215.66000366210938,206.94000244140625,209.2100067138672,62821400,0.0,0.0,-0.018760845523390857,210.20850219726563,219.28500091552735,0.6173557456648757,46.82895413301874,-1.1042094909838056,-1.7416012193801507,False,False,False
2024-08-28,209.72000122070312,211.83999633789062,202.58999633789062,205.75,64116400,0.0,0.0,-0.01653843794670573,208.8925018310547,219.6512008666992,0.5956691246042953,45.1069558127536,-1.668085211170137,-1.7268980177381479,False,False,False
2024-08-29,209.8000030517578,214.88999938964844,205.97000122070312,206.27999877929688,62308800,0.0,0.0,0.002575935743848623,208.36350173950194,220.07960083007814,0.5518092485849557,45.43792817462645,-2.0485795598688696,-1.7912343261642922,False,False,False
2024-08-30,208.6300048828125,214.57000732421875,207.02999877929688,214.11000061035156,63370600,0.0,0.0,0.03795812428442069,208.68550186157228,220.73040069580077,0.5473649340613308,50.213824158109006,-1.6987265014726631,-1.7727327612259662,False,False,False
2024-09-03,215.25999450683594,219.89999389648438,209.63999938964844,210.60000610351562,76714200,0.0,0.0,-0.016393416920415627,209.27150192260743,221.28220092773438,0.5268079963054443,48.177992053654485,-1.6852659575304472,-1.7552394004868623,False,False,False
2024-09-04,210.58999633789062,222.22000122070312,210.57000732421875,219.41000366210938,80651800,0.0,0.0,0.04183284569452206,210.21000213623046,222.01880096435548,0.5440706621894166,53.29627421181897,-0.9527228095579403,-1.5947360823010779,False,False,False
2024-09-05,223.49000549316406,235.0,222.25,230.1699981689453,119355000,0.0,0.0,0.04904058305110959,212.13050231933593,222.87520080566406,0.5326277458895069,58.66584963628487,0.49041138699161024,-1.1777065884425404,False,False,False
2024-09-06,232.60000610351562,233.60000610351562,210.50999450683594,210.72999572753906,112177000,0.0,0.0,-0.0844593239607937,212.72500228881836,223.1624008178711,0.6178112202554746,47.941539915910745,0.06471392363795303,-0.9292224860264416,False,False,False
2024-09-09,216.1999969482422,219.8699951171875,213.6699981689453,216.27000427246094,67443500,0.0,0.0,0.026289605928169646,213.53850250244142,223.5394009399414,0.6230227514005103,50.70700387126584,0.17239079282077796,-0.7088998302569977,False,False,False
2024-09-10,220.07000732421875,226.39999389648438,218.63999938964844,226.1699981689453,78891100,0.0,0.0,0.04577608406578748,214.97250213623047,224.10520080566405,0.6359258131525873,55.27891893986684,1.0445315474041195,-0.3582135547247742,False,False,False
2024-09-11,224.5500030517578,228.47000122070312,216.8000030517578,228.1300048828125,83548600,0.0,0.0,0.008666077418469476,215.98750228881835,224.4706008911133,0.6136363270880616,56.14613659893302,1.8722830268632151,0.08788576159282381,False,False,False
2024-09-12,224.66000366210938,231.4499969482422,223.8300018310547,229.80999755859375,71894900,0.0,0.0,0.007364189890953776,217.40900192260742,224.44160095214843,0.5983551251915425,56.91731192313525,2.633486216750299,0.597005852624319,False,False,False
2024-09-13,228.0,232.6699981689453,226.32000732421875,230.2899932861328,59515100,0.0,0.0,0.0020886633855721204,218.21650161743165,224.11960083007813,0.5605573311868224,57.1491683757115,3.2381495008474417,1.1252345822689438,False,False,False
2024-09-16,229.3000030517578,229.9600067138672,223.52999877929688,226.77999877929688,54323000,0.0,0.0,-0.015241628421408637,218.7495018005371,223.62480072021484,0.5643851455440055,54.825609860432444,3.394986990750567,1.5791850639652687,False,False,False
2024-09-17,229.4499969482422,234.57000732421875,226.5500030517578,227.8699951171875,66761600,0.0,0.0,0.004806404196833203,219.00700149536132,223.12340057373046,0.5550580252015174,55.43161166025766,3.566127330389861,1.9765735172501877,False,False,False
2024-09-18,230.08999633789062,235.67999267578125,226.8800048828125,227.1999969482422,78010200,0.0,0.0,-0.0029402649901351108,219.31200103759767,222.42080078125,0.554338121716812,54.94370937484389,3.606124867005974,2.302483787201345,False,False,False
2024-09-19,234.0,244.24000549316406,232.1300048828125,243.9199981689453,102694600,0.0,0.0,0.07359155565707187,220.34450073242186,222.0340005493164,0.6097930763512133,63.56290060517545,4.93015579915803,2.828018189592682,False,False,False
2024-09-20,241.52000427246094,243.99000549316406,235.9199981689453,238.25,99879100,0.0,0.0,-0.02324531900421767,221.7240005493164,221.97840057373048,0.575712511020797,59.41223032748904,5.459010313240952,3.3542166143223366,False,False,False
2024-09-23,242.61000061035156,250.0,241.9199981689453,250.0,86927200,0.0,0.0,0.04931794333683115,223.20800018310547,222.01380065917968,0.5789496065546971,64.57480564464716,6.748466011421897,4.033066493742249,True,True,False
2024-09-24,254.0800018310547,257.19000244140625,249.0500030517578,254.27000427246094,88491000,0.0,0.0,0.017080017089843746,225.26100006103516,222.04640075683594,0.5607992340680078,66.2546176953304,8.022444850630535,4.8309421651199065,True,False,False
2024-09-25,252.5399932861328,257.04998779296875,252.27999877929688,257.0199890136719,65034300,0.0,0.0,0.010815214909361437,227.6514991760254,222.0556005859375,0.5508106756089712,67.32909266910964,9.148524548980305,5.694458641891987,True,False,False
2024-09-26,260.6000061035156,261.75,251.52999877929688,254.22000122070312,67142200,0.0,0.0,-0.01089404681602335,230.07499923706055,222.17000061035156,0.547432851720275,65.05770518065489,9.70316318332965,6.4961995501795196,True,False,False
2024-09-27,257.3800048828125,260.70001220703125,254.1199951171875,260.4599914550781,70988100,0.0,0.0,0.024545630573566513,232.78399887084962,222.39460052490233,0.5483954738961022,67.67492646897125,10.524908762394546,7.301941392622527,True,False,False
2024-09-30,259.0400085449219,264.8599853515625,255.77000427246094,261.6300048828125,80705700,0.0,0.0,0.004492104223754234,235.15999908447264,222.84320068359375,0.5404366153154615,68.15654241470529,11.142118948049216,8.069976903707865,True,False,False
2024-10-01,262.6700134277344,263.9800109863281,248.52999877929688,258.0199890136719,87397600,0.0,0.0,-0.013798172234708361,237.53099822998047,222.97340057373046,0.538791682520515,64.94150075295394,11.210733993453658,8.698128321657023,True,False,False
2024-10-02,247.5500030517578,251.16000366210938,241.5,249.02000427246094,93983900,0.0,0.0,-0.03488095932262847,239.01149826049806,223.02620056152344,0.5488251615983923,57.64136917084523,10.418787066910568,9.042260070707732,True,False,False
2024-10-03,244.47999572753906,249.7899932861328,237.80999755859375,240.66000366210938,80729200,0.0,0.0,-0.03357160254966751,239.53599853515624,223.51960052490233,0.5430468282304295,51.8148180118122,9.012688576496998,9.036345771865586,True,False,False
2024-10-04,246.69000244140625,250.9600067138672,244.5800018310547,250.0800018310547,86573200,0.0,0.0,0.03914235030998814,241.50349884033204,224.11620056152344,0.4486984641537133,57.079490262764295,8.55978860366983,8.941034338226435,True,False,False
2024-10-07,249.0,249.8300018310547,240.6999969482422,240.8300018310547,68113300,0.0,0.0,-0.03698816351676526,242.73149871826172,224.53680053710937,0.47192222143716156,51.167574169983226,7.3695132563150025,8.62673012184415,True,False,False
2024-10-08,243.55999755859375,246.2100067138672,240.55999755859375,244.5,56303200,0.0,0.0,0.015238957526229946,243.64799880981445,224.78480041503906,0.44953672446467,53.237043226314455,6.645741675616705,8.230532432598661,True,False,False
2024-10-09,243.82000732421875,247.42999267578125,239.50999450683594,241.0500030517578,66289500,0.0,0.0,-0.014110416966225725,244.29399871826172,225.15340057373047,0.453838576625307,51.04697233362084,5.727735789751449,7.729973104029218,True,False,False
2024-10-10,241.80999755859375,242.7899932861328,232.33999633789062,238.77000427246094,83087100,0.0,0.0,-0.009458613360014412,244.74199905395508,225.2874005126953,0.4556869364928657,49.594920785368714,4.761346822263704,7.136247847676117,True,False,False
2024-10-11,220.1300048828125,223.33999633789062,214.3800048828125,217.8000030517578,142628900,0.0,0.0,-0.08782510719719305,244.11749954223632,225.30620056152344,0.5567925382215432,38.693196793023766,2.2771234960728464,6.164422977355462,True,False,False
2024-10-14,220.1300048828125,221.91000366210938,213.74000549316406,219.16000366210938,86291900,0.0,0.0,0.00624426350457119,243.73649978637695,225.53600067138672,0.5553372947531395,39.62018685270651,0.41333463111948276,5.0142053081082665,True,False,False
2024-10-15,220.00999450683594,224.25999450683594,217.1199951171875,219.57000732421875,62988800,0.0,0.0,0.0018707960177875016,243.3215003967285,225.94980072021485,0.5550193258688557,39.91514793522782,-1.0189023314099757,3.807583780204618,True,False,False
2024-10-16,221.39999389648438,222.82000732421875,218.92999267578125,221.3300018310547,49632800,0.0,0.0,0.008015641700267029,243.02800064086915,226.36360076904296,0.555943397783603,41.242076828308775,-1.9890154629786423,2.648263931567966,True,False,False
2024-10-17,221.58999633789062,222.0800018310547,217.89999389648438,220.88999938964844,50791800,0.0,0.0,-0.001987992760882462,241.8765007019043,226.94620086669923,0.4817287058574363,40.998308627379046,-2.761508675765242,1.5663094101013242,True,False,False
2024-10-18,220.7100067138672,222.27999877929688,219.22999572753906,220.6999969482422,49611900,0.0,0.0,-0.0008601676940163117,240.9990005493164,227.38340087890626,0.4767026119592548,40.885926010115696,-3.3504251064553614,0.582962506789987,True,False,False
2024-10-21,218.89999389648438,220.47999572753906,215.72999572753906,218.85000610351562,47329000,0.0,0.0,-0.008382378207102636,239.44150085449218,227.76040100097657,0.43420697979097284,39.74358614066241,-3.9212230029345676,-0.3178745951549242,True,False,False
2024-10-22,217.30999755859375,218.22000122070312,215.25999450683594,217.97000122070312,43268700,0.0,0.0,-0.004021041161846095,237.6265007019043,228.17000091552734,0.4255332793779608,39.182774694140136,-4.393942849765864,-1.1330882460771126,True,False,False
2024-10-23,217.1300048828125,218.72000122070312,212.11000061035156,213.64999389648438,80938900,0.0,0.0,-0.019819274670942355,235.45800094604493,228.28640075683595,0.4220968143931304,36.4626889474964,-5.058849948209286,-1.9182405865035477,True,False,False
2024-10-24,244.67999267578125,262.1199951171875,242.64999389648438,260.4800109863281,204491900,0.0,0.0,0.21919035070290427,235.77100143432617,229.46840087890624,0.9125427506904508,64.90472107656171,-1.786409987531954,-1.891874466709229,True,False,False
2024-10-25,256.010009765625,269.489990234375,255.32000732421875,269.19000244140625,161611900,0.0,0.0,0.03343823359841336,236.20750198364257,230.5694009399414,0.9159121949925165,67.7925180664405,1.4926395562617358,-1.214971662115036,True,False,False
2024-10-28,270.0,273.5400085449219,262.239990234375,262.510009765625,107653600,0.0,0.0,-0.024815158866218545,236.2515022277832,231.49720123291016,0.9212125043520213,63.478447931086684,3.5118084206514197,-0.26961564556174455,True,False,False
2024-10-29,264.510009765625,264.9800109863281,255.50999450683594,259.5199890136719,80521800,0.0,0.0,-0.01139012091242797,236.3265022277832,232.23320098876954,0.9207170965802738,61.589183357673775,4.815237545926664,0.7473549927359374,True,False,False
2024-10-30,258.0400085449219,263.3500061035156,255.82000732421875,257.54998779296875,53993600,0.0,0.0,-0.007590942139718337,236.75300140380858,232.96220062255858,0.9113645836581723,60.31546864860611,5.624417104582932,1.7227674151053367,True,False,False
2024-10-31,257.989990234375,259.75,249.25,249.85000610351562,66575300,0.0,0.0,-0.029897037679701755,237.2125015258789,233.4938006591797,0.9094940892072841,55.485389594967124,5.580050218291376,2.494223975742545,True,False,False
2024-11-01,252.0399932861328,254.0,246.6300048828125,248.97999572753906,57544800,0.0,0.0,-0.003482130697311625,237.15750122070312,234.26020050048828,0.8997474909421778,54.94994783457258,5.412296984301946,3.0778385774544255,True,False,False
2024-11-04,244.55999755859375,248.89999389648438,238.8800048828125,242.83999633789062,68802400,0.0,0.0,-0.024660613282231236,237.25800094604492,234.71060028076172,0.8938584648207343,51.19511423350682,4.729387268656552,3.4081483156948513,True,False,False
2024-11-05,247.33999633789062,255.27999877929688,246.2100067138672,251.44000244140625,69282500,0.0,0.0,0.03541429020427711,237.60500106811523,235.4752001953125,0.9007286138086098,55.755464169329215,4.826488265857279,3.6918163057273374,True,False,False
2024-11-06,284.6700134277344,289.5899963378906,275.6199951171875,288.5299987792969,165228700,0.0,0.0,0.14751032444224466,239.9790008544922,237.0616000366211,1.0334258024466834,69.14580868833328,7.806307977003229,4.514714639982516,True,False,False
2024-11-07,288.8900146484375,299.75,285.5199890136719,296.9100036621094,117309200,0.0,0.0,0.02904379065700735,242.8860008239746,238.88480010986328,1.0324149581428153,71.26202671315214,10.720454203135489,5.755862552613111,True,False,False
2024-11-08,299.1400146484375,328.7099914550781,297.6600036621094,321.2200012207031,204782800,0.0,0.0,0.08187665372925301,248.05700073242187,241.1836001586914,0.9878131722455169,76.33322555720339,14.820705847026034,7.568831211495697,True,False,False
2024-11-11,346.29998779296875,358.6400146484375,336.0,350.0,210521600,0.0,0.0,0.08959591143118995,254.5990005493164,243.90140014648438,1.0149179055972226,80.67987792931135,20.160097141875895,10.087084397571738,True,False,False
2024-11-12,342.739990234375,345.8399963378906,323.30999755859375,328.489990234375,155726000,0.0,0.0,-0.06145717075892854,260.04499969482424,246.25919982910156,1.0583967230931295,70.28930269281678,22.397738008214787,12.54921511970035,True,False,False
2024-11-13,335.8500061035156,344.6000061035156,322.5,330.239990234375,125405600,0.0,0.0,0.005327407385385952,265.49049911499026,248.47579956054688,1.0589203403110565,70.62081241207639,24.035231701119585,14.8464184359842,True,False,False
2024-11-14,327.69000244140625,329.9800109863281,310.3699951171875,311.17999267578125,120726100,0.0,0.0,-0.05771559508909463,270.0049987792969,250.0959994506836,1.093675814680812,62.448001674736986,23.52380693504699,16.58189613579676,True,False,False
2024-11-15,310.57000732421875,324.67999267578125,309.2200012207031,320.7200012207031,114440300,0.0,0.0,0.030657525449785616,275.0059989929199,252.29579956054687,1.0916655837947982,64.65296958065161,23.616066766514848,17.98873026194038,True,False,False
2024-11-18,340.7300109863281,348.54998779296875,330.010009765625,338.739990234375,126085600,0.0,0.0,0.056186046847983784,281.00049819946287,254.74519927978517,1.0927213434061929,68.42444013207307,24.856713145336016,19.36232683861951,True,False,False
2024-11-19,335.760009765625,347.3800048828125,332.75,346.0,88852500,0.0,0.0,0.021432396454288627,287.40199813842776,257.14179931640626,1.087735852656908,69.82152393893567,26.124608230892477,20.714783117074106,True,False,False
2024-11-20,345.0,346.6000061035156,334.29998779296875,342.0299987792969,66340700,0.0,0.0,-0.011473991967350106,293.82099838256835,259.41979919433595,1.0835253904576583,68.04844638403097,26.50356173922694,21.872538841504674,True,False,False
2024-11-21,343.80999755859375,347.989990234375,335.2799987792969,339.6400146484375,58011700,0.0,0.0,-0.006987644766217049,297.7789985656738,261.6163995361328,0.8115897627281661,66.94626312792998,26.307773739715003,22.759585821146743,True,False,False
2024-11-22,341.0899963378906,361.5299987792969,337.70001220703125,352.55999755859375,89140700,0.0,0.0,0.038040225983177356,301.9474983215332,264.06179962158205,0.8131730910862784,69.79448276913797,26.885228801417327,23.584714417200864,True,False,False
2024-11-25,360.1400146484375,361.92999267578125,338.20001220703125,338.5899963378906,95890900,0.0,0.0,-0.039624464821427674,305.75149765014646,266.2979995727539,0.8243594767534543,63.42995077413742,25.91685043271309,24.051141620303312,True,False,False
2024-11-26,341.0,346.9599914550781,335.6600036621094,338.2300109863281,62295900,0.0,0.0,-0.001063189566898104,309.6869987487793,268.50519989013674,0.8209421431299607,63.269841975479885,24.834083928529935,24.20773008194864,True,False,False
2024-11-27,341.79998779296875,342.54998779296875,326.5899963378906,332.8900146484375,57896400,0.0,0.0,-0.015788061864523528,313.45400009155276,270.61900024414064,0.8243836346026551,60.8174502249511,23.276770476037598,24.021538160766433,True,False,False
2024-11-29,336.0799865722656,345.45001220703125,334.6499938964844,345.1600036621094,37167600,0.0,0.0,0.03685898787510977,318.2194999694824,272.64380035400393,0.8110279085715828,64.24668565498975,22.770193299518382,23.771269188516825,True,False,False
2024-12-02,352.3800048828125,360.0,351.1499938964844,357.0899963378906,77986500,0.0,0.0,0.034563659025395044,323.625,275.0206002807617,0.8092247385233419,67.2480736644763,23.065493294332157,23.630114009679893,True,False,False
2024-12-03,351.79998779296875,355.69000244140625,348.20001220703125,351.4200134277344,58267200,0.0,0.0,-0.01587830229999254,329.0540008544922,277.0490005493164,0.8034644409557952,64.47767994290217,22.581692735678644,23.420429754879645,True,False,False
2024-12-04,353.0,358.1000061035156,348.6000061035156,357.92999267578125,50810900,0.0,0.0,0.018524782309774723,334.3785003662109,279.1222003173828,0.8013522883235367,66.19942283874036,22.464620070072385,23.229267817918196,True,False,False
2024-12-05,359.8699951171875,375.42999267578125,359.5,369.489990234375,81403600,0.0,0.0,0.03229681165351517,338.42649993896487,281.37160034179686,0.6454542625603192,69.06661768592132,23.03905445274347,23.191225144883255,True,False,False
2024-12-06,377.4200134277344,389.489990234375,370.79998779296875,389.2200012207031,81455800,0.0,0.0,0.053397958017247005,343.04199981689453,284.07160034179685,0.6590194699577254,73.23904655768402,24.800460563965885,23.513072228699784,True,False,False
2024-12-09,397.6099853515625,404.79998779296875,378.010009765625,389.7900085449219,96359200,0.0,0.0,0.0014644862094215227,346.47050018310546,286.65820068359375,0.6098619061559188,73.35088269371745,25.94332393549962,23.999122570059754,True,False,False
2024-12-10,392.67999267578125,409.7300109863281,390.8500061035156,400.989990234375,97563600,0.0,0.0,0.02873337295448497,349.0199996948242,289.445400390625,0.5392359524312508,75.51601406399489,27.43652512847285,24.686603081742376,True,False,False
2024-12-11,409.70001220703125,424.8800048828125,402.3800048828125,424.7699890136719,104287600,0.0,0.0,0.05930322291934931,353.83399963378906,292.780400390625,0.5040147295446238,79.35186300261573,30.19072510959097,25.787427487312097,True,False,False
2024-12-12,424.8399963378906,429.29998779296875,415.0,418.1000061035156,87752200,0.0,0.0,-0.015702575706076027,358.2270004272461,296.1620004272461,0.5139199700437124,75.76633411625608,31.472441841457226,26.924430358141123,True,False,False
2024-12-13,420.0,436.29998779296875,415.7099914550781,436.2300109863281,89000200,0.0,0.0,0.04336284290396253,364.47950134277346,300.07340057373045,0.4527176016085021,78.59723039733385,33.56424375204148,28.25239303692119,True,False,False
2024-12-16,441.0899963378906,463.19000244140625,436.1499938964844,463.0199890136719,114083800,0.0,0.0,0.06141250567967771,371.59450073242186,304.3322003173828,0.47715246558203334,81.95219766613575,36.95771365280132,29.993457160097215,True,False,False
2024-12-17,475.8999938964844,483.989990234375,457.510009765625,479.8599853515625,131223000,0.0,0.0,0.036369912179738284,378.65050048828124,309.112799987793,0.46157414701521676,83.68359630499108,40.538606147267956,32.10248695753137,True,False,False
2024-12-18,466.5,488.5400085449219,427.010009765625,440.1300048828125,149340800,0.0,0.0,-0.0827949436951747,383.35700073242185,313.02540008544923,0.5833817996621272,67.28362252026054,39.71282711098871,33.62455498822284,True,False,False
2024-12-19,451.8800048828125,456.3599853515625,420.0199890136719,436.1700134277344,118566100,0.0,0.0,-0.008997322180141931,388.0640014648437,316.92780029296875,0.5820825699421719,65.89740397515908,38.297384648986394,34.559120920375555,True,False,False
2024-12-20,425.510009765625,447.0799865722656,417.6400146484375,421.05999755859375,132216200,0.0,0.0,-0.034642491239586515,392.13500061035154,320.5736001586914,0.6025172676003655,60.75397887568295,35.546624933938006,34.756621723088045,True,False,False
2024-12-23,431.0,434.510009765625,415.4100036621094,430.6000061035156,72698100,0.0,0.0,0.022657123925894362,396.03700103759763,324.82960021972656,0.5959660030792646,62.731817501324485,33.74740789087076,34.55477895664459,True,False,False
2024-12-24,435.8999938964844,462.7799987792969,435.1400146484375,462.2799987792969,59551800,0.0,0.0,0.07357174228224572,402.221501159668,329.69200012207034,0.6045226984798194,68.42282865394537,34.48035796640886,34.53989475859745,True,False,False
2024-12-26,465.1600036621094,465.3299865722656,451.0199890136719,454.1300048828125,76366400,0.0,0.0,-0.017629994630971146,408.01650085449216,334.38320007324216,0.6136550386397942,65.64558710225151,34.01152608551416,34.43422102398079,True,False,False
2024-12-27,449.5199890136719,450.0,426.5,431.6600036621094,82666800,0.0,0.0,-0.04947922616674816,412.95500030517576,338.5898001098633,0.647213521003997,58.58516329495452,31.464133191590633,33.84020345750276,True,False,False
2024-12-30,419.3999938964844,427.0,415.75,417.4100036621094,64941000,0.0,0.0,-0.03301209257078741,416.56750030517577,342.5202001953125,0.6616563632845897,54.576261061547804,27.972994791035205,32.66676172420925,True,False,False
2024-12-31,423.7900085449219,427.92999267578125,402.5400085449219,403.8399963378906,76825100,0.0,0.0,-0.03251001941775111,418.9050003051758,346.1830001831055,0.6718928731730003,50.99746993396132,23.83648412324402,30.900706204016206,True,False,False
2025-01-02,390.1000061035156,392.7300109863281,373.0400085449219,379.2799987792969,109710700,0.0,0.0,-0.06081615932376483,420.2979995727539,349.39160003662107,0.710058487652297,45.2181317546741,18.364785257786423,28.39352201477025,True,False,False
2025-01-03,381.4800109863281,411.8800048828125,379.45001220703125,410.44000244140625,95423300,0.0,0.0,0.08215567328200035,422.92350006103516,353.24100006103515,0.7605303397835446,52.56324233735141,16.354254697975705,25.985668551411344,True,False,False
2025-01-06,423.20001220703125,426.42999267578125,401.70001220703125,411.04998779296875,85516500,0.0,0.0,0.0014861742226248698,425.00149993896486,357.18899993896486,0.7552978240167211,52.69695028728119,14.641339219639178,23.716802685056912,True,False,False
2025-01-07,405.8299865722656,414.3299865722656,390.0,394.3599853515625,75699500,0.0,0.0,-0.040603340073111505,425.2584991455078,359.86659942626954,0.7514405196659009,48.65585561583206,11.801062348470566,21.333654617739644,True,False,False
2025-01-08,392.95001220703125,402.5,387.3999938964844,394.94000244140625,73038800,0.0,0.0,0.0014707807875757872,425.51599884033203,362.38159942626953,0.751440492005194,48.80279184652519,9.48755833009551,18.964435360210818,True,False,False
2025-01-10,391.3999938964844,399.2799987792969,377.2900085449219,394.739990234375,62287300,0.0,0.0,-0.0005064369418008585,425.20349884033203,365.02619903564454,0.7446345715326403,48.75098087601214,7.550908244140032,16.68172993699666,True,False,False
2025-01-13,383.2099914550781,403.7900085449219,380.07000732421875,403.30999755859375,67580500,0.0,0.0,0.021710512074366584,424.1304992675781,367.901999206543,0.7165223136000847,51.14430558811256,6.631186872241642,14.671621324045656,True,False,False
2025-01-14,414.3399963378906,422.6400146484375,394.5400085449219,396.3599853515625,84565000,0.0,0.0,-0.017232432245921525,423.04349822998046,370.67819915771486,0.7169414269289897,49.1401049113022,5.2806214404530465,12.793421347327135,True,False,False
2025-01-15,409.8999938964844,429.79998779296875,405.6600036621094,428.2200012207031,81375500,0.0,0.0,0.08038151439752794,422.6429977416992,374.24559906005857,0.758632632979643,57.384465233391545,6.703847835985471,11.575506645058804,True,False,False
2025-01-16,423.489990234375,424.0,409.1300048828125,413.82000732421875,68335200,0.0,0.0,-0.03362756026209679,420.18299865722656,377.5423992919922,0.7313594955752222,53.18788770060479,6.593796663125261,10.579164648672096,True,False,False
2025-01-17,421.5,439.739990234375,419.75,426.5,94991400,0.0,0.0,0.030641323404759335,417.51499938964844,381.21559936523437,0.7273748091282777,56.2237420080209,7.443940639571736,9.952119846852025,True,False,False
2025-01-21,432.6400146484375,433.20001220703125,406.30999755859375,424.07000732421875,87320900,0.0,0.0,-0.00569752092797482,416.7119995117188,384.66819946289064,0.6668149014716825,55.481169376243706,7.831331055647581,9.527962088611137,True,False,False
2025-01-22,416.80999755859375,428.0,414.5899963378906,415.1099853515625,60963300,0.0,0.0,-0.021128638710367298,415.6589981079102,387.1997991943359,0.6701186718709246,52.71643133558554,7.330836539875406,9.08853697886399,True,False,False
2025-01-23,416.05999755859375,420.7300109863281,408.95001220703125,412.3800048828125,50690600,0.0,0.0,-0.006576523247056931,415.2249984741211,389.50919921875,0.6591013059159809,51.86833374906373,6.637392690525473,8.598308121196288,True,False,False
2025-01-24,414.45001220703125,418.8800048828125,405.7799987792969,406.5799865722656,56427100,0.0,0.0,-0.014064741844588391,414.0239974975586,391.2163989257813,0.6550604974218818,50.026892532410116,5.5557769012701215,7.989801877211055,True,False,False
2025-01-27,394.79998779296875,406.69000244140625,389.0,397.1499938964844,58125500,0.0,0.0,-0.023193450212053546,410.76749725341796,392.1593988037109,0.5940679662162472,47.09913461070069,3.892793298500635,7.170400161468971,True,False,False
2025-01-28,396.9100036621094,400.5899963378906,386.5,398.0899963378906,48910700,0.0,0.0,0.0023668700890153715,407.9654968261719,393.55139892578126,0.5935231028653187,47.429410442205246,2.620509550363238,6.260422039247825,True,False,False
2025-01-29,395.2099914550781,398.5899963378906,384.4800109863281,389.1000061035156,68033600,0.0,0.0,-0.02258280870425211,405.8374969482422,394.72859924316407,0.5747181617573671,44.56383716536955,0.8766924691618669,5.183676125230633,True,False,False
2025-01-30,410.7799987792969,412.5,384.4100036621094,400.2799987792969,98092900,0.0,0.0,0.028732954254456988,404.9809967041016,396.5105993652344,0.5759760666491835,48.71368586313475,0.39231448544325076,4.225403797273157,True,False,False
2025-01-31,401.5299987792969,419.989990234375,401.3399963378906,404.6000061035156,83283600,0.0,0.0,0.010792463618949588,405.0189971923828,398.1881994628906,0.5654481416867236,50.26302370250753,0.3529612136874789,3.4509152805560213,True,False,False
2025-02-03,386.67999267578125,389.1700134277344,374.3599853515625,383.67999267578125,93732100,0.0,0.0,-0.05170542044525339,405.238996887207,399.0869995117188,0.5530950321453713,43.422060873663234,-1.3507264517372164,2.4905869340973736,True,False,False
2025-02-04,382.6300048828125,394.0,381.3999938964844,392.2099914550781,57072200,0.0,0.0,0.022232065633156273,404.32749633789064,400.0111993408203,0.4715734883633308,46.61270404731673,-1.9896758430892305,1.5945343786600528,True,False,False
2025-02-05,387.510009765625,388.3900146484375,375.5299987792969,378.1700134277344,57223300,0.0,0.0,-0.035797094243459227,402.6834976196289,400.73399963378904,0.4864067193813638,42.37666432293055,-3.5876010966932768,0.5581072835893867,True,False,False
2025-02-06,373.0299987792969,375.3999938964844,363.17999267578125,374.32000732421875,77918200,0.0,0.0,-0.010180622383618276,401.6814987182617,401.4275994873047,0.46742685603533757,41.26912125940054,-5.10577548772676,-0.574669270673843,True,False,False
2025-02-07,370.19000244140625,380.54998779296875,360.3399963378906,361.6199951171875,70298300,0.0,0.0,-0.0339282217314959,400.01549835205077,401.6087994384766,0.4804493357478126,37.76299399082145,-7.25014926943652,-1.9097652704263786,False,False,True
2025-02-10,356.2099914550781,362.70001220703125,350.510009765625,350.7300109863281,77514900,0.0,0.0,-0.030114441341470455,397.81499938964845,401.85159973144533,0.48903816033383096,35.015888145193955,-9.71630809723274,-3.471073835787652,False,False,False
2025-02-11,345.79998779296875,349.3699951171875,325.1000061035156,328.5,118543400,0.0,0.0,-0.06338211812502892,394.0744995117187,401.65699951171877,0.5187373956288303,30.188160728242494,-13.311090868948213,-5.439077242419765,False,False,False
2025-02-12,329.94000244140625,346.3999938964844,329.1199951171875,336.510009765625,105382700,0.0,0.0,0.0243835913717656,391.0820007324219,401.7293994140625,0.531600128429033,33.73343706396054,-15.336847636208859,-7.418631321177585,False,False,False
2025-02-13,345.0,358.69000244140625,342.8500061035156,355.94000244140625,89441500,0.0,0.0,0.05773971683431944,387.468000793457,401.94499938964844,0.4860068221314267,41.49482780657986,-15.199229190425399,-8.974750895027148,False,False,False
2025-02-14,360.6199951171875,362.0,347.5,355.8399963378906,68277300,0.0,0.0,-0.0002809633725618932,384.5690002441406,401.9199993896484,0.47771540661093337,41.46790652276606,-14.926175576597132,-10.165035831341145,False,False,False
2025-02-18,355.010009765625,359.1000061035156,350.0199890136719,354.1099853515625,51631700,0.0,0.0,-0.004861766535893763,380.9494995117187,401.973798828125,0.4566864314630423,40.97268077330019,-14.680152390010392,-11.068059143074995,False,False,False
2025-02-19,354.0,367.3399963378906,353.6700134277344,360.55999755859375,67094400,0.0,0.0,0.018214714280444966,377.7739990234375,402.0263989257812,0.466663224702273,43.673527981990645,-13.805573108904241,-11.615561936240846,False,False,False
2025-02-20,361.510009765625,362.29998779296875,348.0,354.3999938964844,45965400,0.0,0.0,-0.01708454543992588,374.7384994506836,401.72459899902344,0.4653348349914911,41.710625275737534,-13.45442925648041,-11.98333540028876,False,False,False
2025-02-21,353.44000244140625,354.9800109863281,334.4200134277344,337.79998779296875,74058600,0.0,0.0,-0.046839747148427646,371.0094985961914,400.6961987304687,0.4858130328427571,36.89787023349765,-14.3502067335628,-12.45670966694357,False,False,False
2025-02-24,338.1400146484375,342.3999938964844,324.70001220703125,330.5299987792969,76052300,0.0,0.0,-0.021521578674915554,367.20699920654295,399.51099853515626,0.4874651277149326,34.993528090759455,-15.468433718309882,-13.059054477216835,False,False,False
2025-02-25,327.0199890136719,328.8900146484375,297.25,302.79998779296875,134228800,0.0,0.0,-0.0838955952220366,362.4894989013672,397.5471984863281,0.5527521586354044,28.8724457266391,-18.380339682837928,-14.123311518341056,False,False,False
2025-02-26,303.7099914550781,309.0,288.0400085449219,290.79998779296875,100118300,0.0,0.0,-0.039630120487999076,357.12499847412107,394.86779846191405,0.5574643430014451,26.696209747312594,-21.409549886580976,-15.580559191989042,False,False,False
2025-02-27,291.1600036621094,297.2300109863281,280.8800048828125,281.95001220703125,101748200,0.0,0.0,-0.030433204805490277,351.7674987792969,392.14479858398437,0.5595758213160588,25.188328071154658,-24.24486020820291,-17.31341939523182,False,False,False
2025-02-28,279.5,293.8800048828125,273.6000061035156,292.9800109863281,115697000,0.0,0.0,0.03912040539724382,346.4024993896484,389.27979858398436,0.5715233994369786,30.460248733608736,-25.310076538097235,-18.912750823804902,False,False,False
2025-03-03,300.3399963378906,303.94000244140625,277.29998779296875,284.6499938964844,115551400,0.0,0.0,-0.02843203214376444,340.4049987792969,385.71239868164065,0.5650976790323791,28.80910678919544,-26.520716603864173,-20.43434397981676,False,False,False
2025-03-04,270.92999267578125,284.3500061035156,261.8399963378906,272.0400085449219,126706600,0.0,0.0,-0.04429996705409467,334.82299957275393,381.5559991455078,0.5596190486397287,26.469959274370098,-28.172918146639574,-21.982058813181325,False,False,False
2025-03-05,272.9200134277344,279.54998779296875,267.7099914550781,279.1000061035156,94042900,0.0,0.0,0.025952056083059283,329.1675003051758,378.33539916992186,0.5631739125109955,29.90166600045535,-28.58312846013257,-23.302272742571578,False,False,False
2025-03-06,272.05999755859375,272.6499938964844,260.0199890136719,263.45001220703125,98451600,0.0,0.0,-0.056073068986891905,323.43150024414064,374.8809991455078,0.576932360557036,26.904165959529564,-29.827217210763877,-24.60726163621004,False,False,False
2025-03-07,259.32000732421875,266.25,250.72999572753906,262.6700134277344,102369600,0.0,0.0,-0.0029607088371812473,317.84900054931643,371.7131994628906,0.5786768568426517,26.760180946129765,-30.52424143697715,-25.790657596363467,False,False,False
2025-03-10,252.5399932861328,253.3699951171875,220.0,222.14999389648438,189076900,0.0,0.0,-0.1542620682219512,310.87550048828126,367.54419921875,0.7560554819384417,20.594190035644388,-33.95485466585387,-27.423497010261553,False,False,False
2025-03-11,225.30999755859375,237.05999755859375,217.02000427246094,230.5800018310547,174896400,0.0,0.0,0.037947369642955975,304.8680000305176,362.91019927978516,0.7855079925156954,24.49224888035748,-35.58322787699262,-29.055443183607768,False,False,False
2025-03-12,247.22000122070312,251.83999633789062,241.10000610351562,248.08999633789062,142215700,0.0,0.0,0.0759389121683911,300.8474998474121,358.7893991088867,0.8363791152431788,31.96330547804655,-35.05670330537953,-30.255695207962123,False,False,False
2025-03-13,248.1300048828125,248.2899932861328,232.60000610351562,240.67999267578125,114813500,0.0,0.0,-0.02986820819658198,296.0559989929199,354.96979888916013,0.8267066471720635,30.584178036451036,-34.83578886698615,-31.17171393976693,False,False,False
2025-03-14,247.30999755859375,251.5800018310547,240.72999572753906,249.97999572753906,100242300,0.0,0.0,0.038640532386444715,290.75799865722655,351.62119873046873,0.80687533423107,34.40929205334416,-33.52383812204221,-31.642138776221987,False,False,False
2025-03-17,245.05999755859375,245.39999389648438,232.8000030517578,238.00999450683594,111900600,0.0,0.0,-0.04788383640805238,284.86649856567385,348.30459869384765,0.8120705947724968,31.967595591806372,-33.06879033523859,-31.927469088025312,False,False,False
2025-03-18,228.16000366210938,230.10000610351562,222.27999877929688,225.30999755859375,111477600,0.0,0.0,-0.05335909096824687,278.4264991760254,345.2251986694336,0.8193931624742575,29.570074377959926,-33.34852427210134,-32.21168012484052,False,False,False
2025-03-19,231.61000061035156,241.41000366210938,229.1999969482422,235.86000061035156,111993800,0.0,0.0,0.046824389357219776,272.1914993286133,341.7335986328125,0.8435084630655116,33.998410072701574,-32.34605318976412,-32.23855473782524,False,False,False
2025-03-20,233.35000610351562,238.0,230.0500030517578,236.25999450683594,99028300,0.0,0.0,0.0016958954271570903,266.28449935913085,338.2377987670898,0.8468805939065006,34.167419002063454,-31.160117037332924,-32.022867197726775,False,False,False
2025-03-21,234.99000549316406,249.52000427246094,234.5500030517578,248.7100067138672,132728700,0.0,0.0,0.05269623506518384,261.83000030517576,335.3247991943359,0.8761591950627005,39.37137999336195,-28.882700365353486,-31.394833831252118,False,False,False
2025-03-24,258.0799865722656,278.6400146484375,256.3299865722656,278.3900146484375,169079900,0.0,0.0,0.11933580126800525,259.22300109863284,332.9937994384766,0.9941768441512204,49.59971729946522,-24.401616010869958,-29.996190267175688,False,False,False
2025-03-25,283.6000061035156,288.20001220703125,271.2799987792969,288.1400146484375,150361500,0.0,0.0,0.03502280788451673,258.49000244140626,330.86179992675784,0.9606739455804707,52.438352195657515,-19.834936063501118,-27.963939426440774,False,False,False
2025-03-26,282.6600036621094,284.8999938964844,266.510009765625,272.05999755859375,153629800,0.0,0.0,-0.05580626179068926,257.5530029296875,328.23679992675784,0.9710280640768477,47.669800721556655,-17.31375016246176,-25.83390157364497,False,False,False
2025-03-27,272.4800109863281,291.8500061035156,271.82000732421875,273.1300048828125,162572100,0.0,0.0,0.0039329829222258805,257.11200256347655,325.77220031738284,0.9650958966657488,48.008608837431446,-15.0557976595735,-23.678280790830676,False,False,False
2025-03-28,275.5799865722656,276.1000061035156,260.57000732421875,263.54998779296875,123809400,0.0,0.0,-0.03507493471452938,255.6405014038086,322.47880004882813,0.9613469808013522,45.18771945049282,-13.879388399126356,-21.718502312489814,False,False,False
2025-03-31,249.30999755859375,260.55999755859375,243.36000061035156,259.1600036621094,134008900,0.0,0.0,-0.016657121359109794,254.36600189208986,319.38559997558593,0.9582004548569494,43.91434909453716,-13.149728728028322,-20.004747595597518,False,False,False
2025-04-01,263.79998779296875,277.45001220703125,259.25,268.4599914550781,146486900,0.0,0.0,0.035885119854736525,254.18700103759767,316.2247998046875,0.9545317171026108,47.3022485117704,-11.686324219004916,-18.341062920278997,False,False,False
2025-04-02,254.60000610351562,284.989990234375,251.27000427246094,282.760009765625,212787800,0.0,0.0,0.05326685079977622,254.37000122070313,313.39859985351563,0.968783315851292,52.09413306029438,-9.265862539367504,-16.526022844096698,False,False,False
2025-04-03,265.2900085449219,276.29998779296875,261.510009765625,267.2799987792969,136174300,0.0,0.0,-0.05474611137253549,254.5615005493164,310.44200012207034,0.9677308010428393,47.1010976777987,-8.498768224721914,-14.920571920221741,False,False,False
2025-04-04,255.3800048828125,261.0,236.0,239.42999267578125,181229400,0.0,0.0,-0.10419786826814681,253.39949951171874,306.9829998779297,1.0394135970509868,39.724258128213044,-10.022569254556743,-13.940971387088743,False,False,False
2025-04-07,223.77999877929688,252.0,214.25,233.2899932861328,183453800,0.0,0.0,-0.025644236634809525,253.95649948120118,303.517200012207,0.878154563410567,38.300072427649226,-11.592013667937124,-13.471179843258419,False,False,False
2025-04-08,245.0,250.44000244140625,217.8000030517578,221.86000061035156,171603500,0.0,0.0,-0.048994783337158565,253.520499420166,300.0114001464844,0.8876205744404249,35.73187206176695,-13.601326926996137,-13.497209260005961,False,False,False
2025-04-09,224.69000244140625,274.69000244140625,223.8800048828125,272.20001220703125,219433400,0.0,0.0,0.22689989839624536,254.72600021362305,297.4936004638672,1.1751203151017777,51.239611842626985,-11.004846909407007,-12.998736789886172,False,False,False
2025-04-10,260.0,262.489990234375,239.3300018310547,252.39999389648438,181722600,0.0,0.0,-0.07274069589492627,255.3120002746582,294.75960021972656,1.2025420718566033,46.48810198528461,-10.424644972713736,-12.483918426451686,False,False,False
2025-04-11,251.83999633789062,257.739990234375,241.36000061035156,252.30999755859375,128948100,0.0,0.0,-0.00035656236159631316,255.42850036621093,291.8002001953125,1.196002916675459,46.46701014559365,-9.858450627925805,-11.958824866746511,False,False,False
2025-04-14,258.3599853515625,261.79998779296875,245.92999267578125,252.35000610351562,100135200,0.0,0.0,0.00015856900364230597,256.14550094604493,288.7552001953125,1.1809541339949363,46.4786356665885,-9.299312489503649,-11.42692239129794,False,False,False
2025-04-15,249.91000366210938,258.75,247.5399932861328,254.11000061035156,79594300,0.0,0.0,0.0069744183248166,257.5855010986328,286.1638003540039,1.160373862161432,47.023660276184735,-8.614867805128938,-10.86451147406414,False,False,False
2025-04-16,247.61000061035156,251.97000122070312,233.88999938964844,241.5500030517578,112378700,0.0,0.0,-0.049427403598542585,257.8700012207031,283.1506005859375,1.1683981499923812,43.61060024441054,-8.982383965291547,-10.488085972309621,False,False,False
2025-04-17,243.47000122070312,244.33999633789062,237.67999267578125,241.3699951171875,83404800,0.0,0.0,-0.0007452201709629014,258.1255012512207,280.41460021972654,1.1684833501589256,43.56180021407224,-9.18232023409928,-10.226932824667553,False,False,False
2025-04-21,230.25999450683594,232.2100067138672,222.7899932861328,227.5,97768000,0.0,0.0,-0.05746362595919796,257.0650009155273,277.4782000732422,1.1723765677075066,39.86061073399874,-10.340761989845646,-10.249698657703172,False,False,False
2025-04-22,230.9600067138672,242.7899932861328,229.85000610351562,237.97000122070312,120858500,0.0,0.0,0.04602198338770602,255.04400024414062,275.0052001953125,1.098265319828823,43.746079337877205,-10.295315837968673,-10.258822093756272,False,False,False
2025-04-23,254.86000061035156,259.45001220703125,244.42999267578125,250.74000549316406,150381900,0.0,0.0,0.0536622440095611,253.17399978637695,273.0054000854492,1.109365362729621,48.1464744529841,-9.12369454239331,-10.03179658348368,False,False,False
2025-04-24,250.5,259.5400085449219,249.1999969482422,259.510009765625,94464200,0.0,0.0,0.0349764859229853,252.5465003967285,271.6256002807617,1.1007227820564893,50.98233544463704,-7.40218242250242,-9.50587375128743,False,False,False
2025-04-25,261.69000244140625,286.8500061035156,259.6300048828125,284.95001220703125,167560700,0.0,0.0,0.09803091011549903,253.13750076293945,270.59440032958986,1.1547754120319476,58.134886256284524,-3.9396621062078907,-8.392631422271522,False,False,False
2025-04-28,288.9800109863281,294.8599853515625,272.4200134277344,285.8800048828125,151731800,0.0,0.0,0.0032637046356942534,254.25400161743164,269.19320037841794,1.1453331822883586,58.37400850729767,-1.1077774044196076,-6.935660618701139,False,False,False
2025-04-29,285.5,293.32000732421875,279.4700012207031,292.0299987792969,108906600,0.0,0.0,0.021512501019458785,255.89750137329102,267.9170004272461,1.1431498312322124,60.001041062266275,1.6141577286602455,-5.225696949228862,False,False,False
2025-04-30,279.8999938964844,284.45001220703125,270.7799987792969,282.1600036621094,128961100,0.0,0.0,-0.03379788089732105,256.5825019836426,266.47800079345706,1.147612928033083,56.20415953773916,2.9409829919111417,-3.592360961000861,False,False,False
2025-05-01,280.010009765625,290.8699951171875,279.80999755859375,280.5199890136719,99659000,0.0,0.0,-0.005812356915055328,256.4705009460449,264.8772006225586,1.133618125105971,55.574853269548136,3.8161755995182602,-2.110653648897036,False,False,False
2025-05-02,284.8999938964844,294.7799987792969,279.80999755859375,287.2099914550781,114454700,0.0,0.0,0.023848576584252656,257.467000579834,263.5334005737305,1.1157369164930528,57.65758099130195,4.992054041265476,-0.6901121108645333,False,False,False
2025-05-05,284.57000732421875,284.8500061035156,274.3999938964844,280.260009765625,94618900,0.0,0.0,-0.024198258752220814,259.50850143432615,262.3826010131836,1.045018788561416,54.7841509397222,5.302022326196266,0.5083147765476268,False,False,False
2025-05-06,273.1099853515625,277.7300109863281,271.3500061035156,275.3500061035156,76715800,0.0,0.0,-0.017519458684867262,261.6115020751953,261.279001159668,1.041755849344984,52.782816755846554,5.09277186041885,1.4252061933218718,True,True,False
2025-05-07,276.8800048828125,277.9200134277344,271.0,276.2200012207031,71592600,0.0,0.0,0.003159597232260225,264.3295021057129,260.74740142822264,1.018633473429727,53.109681099046966,4.94019322153224,2.128203598963946,True,False,False
2025-05-08,279.6300048828125,289.79998779296875,279.4100036621094,284.82000732421875,97539400,0.0,0.0,0.031134624811778533,264.96050186157225,260.6278018188477,0.6393802933706053,56.32805593765035,5.450393427567803,2.792641564684718,True,False,False
2025-05-09,290.2099914550781,307.0400085449219,290.0,298.260009765625,132387800,0.0,0.0,0.04718770485146129,267.2535026550293,260.95400177001954,0.5907380641632843,60.85042275716175,6.860147135000545,3.6061426787478834,True,False,False
2025-05-12,321.989990234375,322.2099914550781,311.5,318.3800048828125,112826700,0.0,0.0,0.06745790403815088,270.55700302124023,261.4620016479492,0.6245240015136222,66.45125700687072,9.491490566012658,4.783212256200839,True,False,False
2025-05-13,320.0,337.5899963378906,316.79998779296875,334.07000732421875,136992600,0.0,0.0,0.049280740626853614,274.6430030822754,262.4504019165039,0.6359679462805871,70.04964095190937,12.696543413943346,6.365878487749341,True,False,False
2025-05-14,342.5,350.0,337.0,347.67999267578125,136997300,0.0,0.0,0.04073991993646375,279.3215026855469,263.9632015991211,0.6416713656935996,72.77725256976044,16.148631588783473,8.322429107956168,True,False,False
2025-05-15,340.3399963378906,346.1400146484375,334.7200012207031,342.82000732421875,97882600,0.0,0.0,-0.013978329078298546,284.38500289916993,265.23760162353517,0.6045827585348457,70.31468300574997,18.281537947422123,10.31425087584936,True,False,False
2025-05-16,346.239990234375,351.6199951171875,342.3299865722656,349.9800109863281,95895700,0.0,0.0,0.0208856061756566,289.815503692627,266.9682015991211,0.6003882256869659,71.82715229899443,20.31545019635371,12.314490739950232,True,False,False
2025-05-19,336.29998779296875,343.0,333.3699951171875,342.0899963378906,88869900,0.0,0.0,-0.022544186527114873,295.5450035095215,268.55660125732425,0.5519187561512896,67.73184024994725,21.048053209215652,14.061203233803319,True,False,False
2025-05-20,347.8699951171875,354.989990234375,341.6300048828125,343.82000732421875,131715500,0.0,0.0,0.005057180873010214,300.83750381469724,270.9900015258789,0.546578899012662,68.16050741961297,21.520172648866264,15.552997116815908,True,False,False
2025-05-21,344.42999267578125,347.3500061035156,332.20001220703125,334.6199951171875,102354800,0.0,0.0,-0.026758222357769146,305.03150329589846,273.07080139160155,0.5536652507797396,63.34148969056636,20.910918556306683,16.624581404714064,True,False,False
2025-05-22,331.8999938964844,347.2699890136719,331.3900146484375,341.0400085449219,97113400,0.0,0.0,0.019185982671137136,309.1080032348633,274.9298016357422,0.548962492433291,65.19097054472573,20.70741948592905,17.441149020957063,True,False,False
2025-05-23,337.9200134277344,343.17999267578125,333.2099914550781,339.3399963378906,84654800,0.0,0.0,-0.004984788190348977,311.82750244140624,276.9030017089844,0.4541885556580973,64.26635858427781,20.176387394491826,17.988196695664016,True,False,False
2025-05-27,347.3500061035156,363.7900085449219,347.32000732421875,362.8900146484375,120146400,0.0,0.0,0.06939947711644767,315.6780029296875,279.16120208740233,0.5010606389566021,70.50683010414248,21.409040209227157,18.672365398376645,True,False,False
2025-05-28,364.8399963378906,365.0,355.9100036621094,356.8999938964844,91404300,0.0,0.0,-0.016506435862546853,318.9215026855469,281.5390020751953,0.5100467377917686,67.28798969225059,21.652979759542347,19.268488270609787,True,False,False
2025-05-29,365.2900085449219,367.7099914550781,356.0,358.42999267578125,88087800,0.0,0.0,0.004286911755287504,322.7350021362305,284.20140197753904,0.4833311063886249,67.6936878919598,21.71939407042214,19.758669430572258,True,False,False
2025-05-30,355.5199890136719,363.67999267578125,345.2900085449219,346.4599914550781,123474900,0.0,0.0,-0.03339564619395741,326.0320022583008,286.4134017944336,0.5065269580190835,61.28942452438216,20.569041720081884,19.920743888474185,True,False,False
2025-06-02,343.5,348.0199890136719,333.3299865722656,342.69000244140625,81873800,0.0,0.0,-0.01088145559849063,328.8060028076172,288.542001953125,0.5099123334251162,59.3838755313424,19.13262361294028,19.763119833367405,True,False,False
2025-06-03,346.6000061035156,355.3999938964844,343.0400085449219,344.2699890136719,99324500,0.0,0.0,0.004610541775392996,332.00650177001955,290.4532015991211,0.49480328629689546,59.94593104391817,17.91522802920167,19.39354147253426,True,False,False
2025-06-04,345.1000061035156,345.6000061035156,327.3299865722656,332.04998779296875,98912100,0.0,0.0,-0.03549540073392177,334.8415008544922,291.5264010620117,0.5122510745019447,53.75057357535874,15.782451015456388,18.671323381118686,True,False,False
2025-06-05,322.489990234375,324.54998779296875,273.2099914550781,284.70001220703125,287499800,0.0,0.0,-0.14259893789082123,335.26550140380857,291.4576010131836,0.7457384561821915,37.55470592229329,10.154408852356482,16.967940475366245,True,False,False
2025-06-06,298.8299865722656,305.5,291.1400146484375,295.1400146484375,164747700,0.0,0.0,0.036670186138995975,335.78150177001953,291.9192013549805,0.74879990489927,41.72412405249913,6.4620750577624335,14.866767391845482,True,False,False
2025-06-09,285.9599914550781,309.8299865722656,281.8500061035156,308.5799865722656,140908900,0.0,0.0,0.04553761352840424,336.29750061035156,292.62820098876955,0.7475267622645425,46.66152893888109,4.5677135766307515,12.806956628802537,True,False,False
2025-06-10,314.94000244140625,327.8299865722656,310.6700134277344,326.0899963378906,151256500,0.0,0.0,0.05674382827003055,336.6830001831055,293.87900115966795,0.7361155412157954,52.328388801279054,4.4282834108750535,11.13122198521704,True,False,False
2025-06-11,334.3999938964844,335.5,322.5,326.42999267578125,122611400,0.0,0.0,0.0010426457165473302,336.3009994506836,295.2244009399414,0.7148579907242568,52.43406337331231,4.295700699292809,9.764117728032195,True,False,False
2025-06-12,323.0799865722656,332.55999755859375,316.8599853515625,319.1099853515625,105127500,0.0,0.0,-0.022424432461661592,334.8724990844727,296.2374008178711,0.7019844840849186,49.870880104549904,3.558939293137712,8.523082041053298,True,False,False
2025-06-13,313.9700012207031,332.989990234375,313.29998779296875,325.30999755859375,128964300,0.0,0.0,0.019429076154419578,333.9969985961914,297.0884005737305,0.7052575307063867,52.010695524735816,3.4357347288404867,7.5056125786107355,True,False,False
2025-06-16,331.2900085449219,332.04998779296875,326.4100036621094,329.1300048828125,83925900,0.0,0.0,0.011742668079331553,332.9544982910156,298.3254006958008,0.7021246910803293,53.33247006434294,3.604783193173944,6.725446701523378,True,False,False
2025-06-17,326.0899963378906,327.260009765625,314.739990234375,316.3500061035156,88282700,0.0,0.0,-0.03882963749794621,331.66749877929686,299.86380096435545,0.710742616401157,48.517812152664284,2.676661338754343,5.915689628969571,True,False,False
2025-06-18,317.30999755859375,329.32000732421875,315.45001220703125,322.04998779296875,95137700,0.0,0.0,0.0180179597897272,330.57899780273436,301.63900085449217,0.7141500067951392,50.65736683459585,2.3736964726126075,5.207290997698179,True,False,False
2025-06-20,327.95001220703125,332.3599853515625,317.7799987792969,322.1600036621094,108688000,0.0,0.0,0.0003416111576173275,329.9559982299805,303.64500091552736,0.7082748146878649,50.6999541511326,2.118056359383388,4.589444070035221,True,False,False
2025-06-23,327.5400085449219,357.5400085449219,327.4800109863281,348.67999267578125,190716800,0.0,0.0,0.0823193093872907,330.33799743652344,305.17460052490236,0.7651937371226093,59.72409645211272,4.009185806127675,4.473392417253712,True,False,False
2025-06-24,356.1700134277344,356.260009765625,340.44000244140625,340.4700012207031,114736200,0.0,0.0,-0.023545920693855638,330.3944976806641,306.9360006713867,0.7703408851632019,56.28902044101117,4.790223110651766,4.536758555933323,True,False,False
2025-06-25,342.70001220703125,343.0,320.3999938964844,327.54998779296875,119845100,0.0,0.0,-0.037947582404945,328.62749633789065,308.44080047607423,0.7380861102468009,51.28958576433226,4.316901145765598,4.492787073899779,True,False,False
2025-06-26,324.6099853515625,331.04998779296875,323.6099853515625,325.7799987792969,80440900,0.0,0.0,-0.0054037218123500486,327.0714965820313,309.90940032958986,0.7366505236207403,50.62620199167876,3.755673689043192,4.345364396928462,True,False,False
2025-06-27,324.510009765625,329.3399963378906,317.5,323.6300048828125,89067000,0.0,0.0,-0.006599526995335614,325.3314971923828,311.29980041503904,0.7361397736743719,49.78388458968534,3.1016563828995913,4.096622794122688,True,False,False
2025-06-30,319.8999938964844,325.5799865722656,316.6000061035156,317.6600036621094,76695100,0.0,0.0,-0.018446995428822777,323.89149780273436,312.8220004272461,0.7301193584046998,47.42436376307143,2.0776637364585895,3.692830982589868,True,False,False
2025-07-01,298.4599914550781,305.8900146484375,293.2099914550781,300.7099914550781,145085700,0.0,0.0,-0.05335897504131726,321.792497253418,314.0088003540039,0.7512439068885313,41.42170948452694,-0.10042451001999098,2.934179884067896,True,False,False
2025-07-02,312.6300048828125,316.8299865722656,303.82000732421875,315.6499938964844,119483700,0.0,0.0,0.04968242780731846,320.3614974975586,315.7718002319336,0.7758506327260429,47.704744027870696,-0.6139643999976556,2.224551027254786,True,False,False
2025-07-03,317.989990234375,318.45001220703125,312.760009765625,315.3500061035156,58042300,0.0,0.0,-0.0009503811144286889,319.52649841308596,317.3194003295898,0.7663852924433329,47.59435502827781,-1.033244372496199,1.5729919473045888,True,False,False
2025-07-07,291.3699951171875,296.1499938964844,288.7699890136719,293.94000244140625,131177900,0.0,0.0,-0.06789282780315342,319.9884979248047,318.1834002685547,0.6147467697956109,40.407708395248164,-3.057885732855709,0.6468164112725291,True,False,False
2025-07-08,297.0,304.04998779296875,294.3500061035156,297.80999755859375,103246700,0.0,0.0,0.013165935514200422,320.1219970703125,318.94940002441405,0.6028675340663171,42.10931016599926,-4.300577949055594,-0.34266246079309576,True,False,False
2025-07-09,297.54998779296875,300.1499938964844,293.54998779296875,295.8800048828125,75586800,0.0,0.0,-0.0064806174796113725,319.4869979858398,319.1679998779297,0.5798872427764173,41.47329667484568,-5.379147301137209,-1.3499594288619188,True,False,False
2025-07-10,300.04998779296875,310.4800109863281,300.0,309.8699951171875,104365300,0.0,0.0,0.0472826483827995,318.6759979248047,319.6477996826172,0.5681436541878832,47.646115691889314,-5.046868828360516,-2.0893413087616386,False,False,True
2025-07-11,307.8900146484375,314.0899963378906,305.6499938964844,313.510009765625,79236400,0.0,0.0,0.01174690904506881,318.0299987792969,320.07739990234376,0.5701566817678734,49.14891205147479,-4.438650977980785,-2.5592032426054683,False,False,False
2025-07-14,317.7300109863281,322.6000061035156,312.6700134277344,316.8999938964844,78043400,0.0,0.0,0.010813001260769006,317.919499206543,320.77219970703123,0.5660992533684821,50.57190999165486,-3.641118019489568,-2.7755861979822884,False,False,False
2025-07-15,319.67999267578125,321.20001220703125,310.5,310.7799987792969,77556300,0.0,0.0,-0.01931207079538977,317.1929992675781,321.37739990234377,0.5653974060528558,47.96249084008451,-3.462980776236634,-2.913065113633158,False,False,False
2025-07-16,312.79998779296875,323.5,312.6199951171875,321.6700134277344,97284800,0.0,0.0,0.03504091219258654,316.8199996948242,322.06660034179686,0.5786283479983567,52.644840721604766,-2.4152312743683524,-2.813498345780197,False,False,False
2025-07-17,323.1499938964844,324.3399963378906,317.05999755859375,319.4100036621094,73922900,0.0,0.0,-0.007025863995037018,316.9729995727539,322.84960021972654,0.5614572084892407,51.60701919997759,-1.7471065886881547,-2.6002199943617885,False,False,False
2025-07-18,321.6600036621094,330.8999938964844,321.4200134277344,329.6499938964844,94255000,0.0,0.0,0.03205907804067243,317.3529998779297,323.93559997558594,0.5692362306654045,55.85357028491538,-0.38687171267878284,-2.1575503380251875,False,False,False
2025-07-21,334.3999938964844,338.0,326.8800048828125,328.489990234375,75768800,0.0,0.0,-0.0035188948387289143,317.669499206543,324.9809997558594,0.569529974536547,55.2619747593166,0.5907122622905376,-1.6078978179620422,False,False,False
2025-07-22,329.739990234375,335.4100036621094,321.54998779296875,332.1099853515625,77370400,0.0,0.0,0.0110201078413521,316.840998840332,325.92679931640623,0.48550728028460866,56.79975220528303,1.6386684085831007,-0.9585845726530137,False,False,False
2025-07-23,330.8999938964844,336.20001220703125,328.6700134277344,332.55999755859375,92553800,0.0,0.0,0.0013550095657464123,316.44549865722655,326.6127990722656,0.47883972515840245,56.99763589614163,2.4769407971670603,-0.27147949868899873,False,False,False
2025-07-24,310.0,310.1499938964844,300.4100036621094,305.29998779296875,156966000,0.0,0.0,-0.08197020076301287,315.33299865722654,326.35119873046875,0.5451213477232283,43.88415703572459,0.9308919944161289,-0.031005200067973127,False,False,False
2025-07-25,308.739990234375,323.6300048828125,308.010009765625,316.05999755859375,148227000,0.0,0.0,0.03524405566934252,314.8469985961914,325.9909985351562,0.5615324893718642,48.88329655627871,0.5673400989839479,0.08866385974241112,False,False,False
2025-07-28,318.45001220703125,330.489990234375,315.69000244140625,325.5899963378906,112673800,0.0,0.0,0.030152499060024596,314.9449981689453,325.54919860839846,0.5716540782163151,52.88660480819277,1.0362684014926344,0.27818476809245585,False,False,False
2025-07-29,325.54998779296875,326.25,318.25,321.20001220703125,87358900,0.0,0.0,-0.013483166498468035,315.1219985961914,325.1167987060547,0.5696906148171909,50.90871050721879,1.0416548798967824,0.4308787904533212,False,False,False
2025-07-30,322.17999267578125,324.45001220703125,311.6199951171875,319.0400085449219,83931900,0.0,0.0,-0.006724793213012448,316.0384994506836,324.49799865722656,0.5333709545303459,49.919466232801035,0.861696359960888,0.5170423043548347,False,False,False
2025-07-31,319.6099853515625,321.3699951171875,306.1000061035156,308.2699890136719,85270900,0.0,0.0,-0.03375758288237862,315.669499206543,323.8215985107422,0.51962788075954,45.202914791442076,-0.1482635411707065,0.3839811352497264,False,False,False
2025-08-01,306.2099914550781,309.30999755859375,297.82000732421875,302.6300048828125,89121400,0.0,0.0,-0.01829559909125389,315.0334991455078,322.99779846191404,0.5233896248534982,42.91615012675666,-1.3877663169843686,0.02963164480290731,False,False,False
2025-08-04,309.0799865722656,312.1199951171875,303.0,309.260009765625,78683900,0.0,0.0,0.021907956170373222,315.79949951171875,322.4905987548828,0.4663275052733294,46.35196311473468,-1.8141824462210252,-0.3391311734018793,False,False,False
2025-08-05,308.95001220703125,312.45001220703125,305.5,308.7200012207031,57961300,0.0,0.0,-0.0017461311772288823,316.3449996948242,321.8441986083984,0.4650016137414254,46.108535938436326,-2.1706723180529934,-0.7054394023321022,False,False,False
2025-08-06,307.8900146484375,320.4700012207031,306.92999267578125,319.9100036621094,78523600,0.0,0.0,0.03624644466558724,317.54649963378904,321.4555987548828,0.4789291528228706,51.76188137465284,-1.532586725808585,-0.870868867027399,False,False,False
2025-08-07,319.7900085449219,322.3999938964844,316.1600036621094,322.2699890136719,66658700,0.0,0.0,0.007377028928595486,318.16649932861327,320.6431982421875,0.45165651963955855,52.88445180616763,-0.8269358009817438,-0.8620822538182679,False,False,False
2025-08-08,321.42999267578125,335.1499938964844,320.9800109863281,329.6499938964844,91200300,0.0,0.0,0.02290006868278205,318.97349853515624,320.0981982421875,0.4564418428408496,56.30859028684595,0.32406671824918476,-0.6248524594047773,False,False,False
2025-08-11,335.0,346.6400146484375,334.1499938964844,339.0299987792969,105320200,0.0,0.0,0.02845443669493286,320.0799987792969,319.7101983642578,0.4647116548754233,60.26160551309938,1.9704187485461944,-0.10579821781458282,True,True,False
2025-08-12,345.0,345.260009765625,332.94000244140625,340.8399963378906,80522100,0.0,0.0,0.005338753399730889,321.58299865722654,319.59779846191407,0.4566214026517229,60.99495803052261,3.3822280504780906,0.5918070358439521,True,False,False
2025-08-13,341.5,348.9800109863281,338.20001220703125,339.3800048828125,67838900,0.0,0.0,-0.004283509772223915,322.46849822998047,319.5315985107422,0.44348751910534007,60.03257828408876,4.333335985199426,1.3401128257150472,True,False,False
2025-08-14,335.760009765625,340.4700012207031,330.3999938964844,335.5799865722656,75000700,0.0,0.0,-0.011196942235471519,323.2769973754883,319.35779846191406,0.44499056355938765,57.49005285982028,4.725987909450851,2.0172878424622085,True,False,False
2025-08-15,337.6600036621094,339.29998779296875,327.0199890136719,330.55999755859375,74319800,0.0,0.0,-0.014959143019665277,323.32249755859374,319.32799865722654,0.43525433715743256,54.2229471393782,4.5793088073098716,2.5296920354317414,True,False,False
2025-08-18,329.6199951171875,336.2699890136719,329.5899963378906,335.1600036621094,56956600,0.0,0.0,0.013915797850586165,323.65599822998047,320.33719848632813,0.4375114781405168,56.653816766083686,4.779155481328246,2.9795847246110427,True,False,False
2025-08-19,335.7900085449219,340.54998779296875,327.8500061035156,329.30999755859375,75956000,0.0,0.0,-0.017454368181154756,323.51599884033203,321.0205981445313,0.44084800523166173,52.81288720230753,4.414600046944486,3.266587789077732,True,False,False
2025-08-20,329.2200012207031,331.3699951171875,314.6000061035156,323.8999938964844,77481800,0.0,0.0,-0.016428300696053943,323.08299865722654,321.3269982910156,0.4446002383664135,49.472499000647105,3.6471036162254222,3.3426909545072703,True,False,False
2025-08-21,322.0799865722656,324.8999938964844,318.67999267578125,320.1099853515625,55744400,0.0,0.0,-0.011701168929731831,323.82349853515626,321.20739807128905,0.32991335987832415,47.219278514717594,2.701889450497731,3.2145306537053626,True,False,False
2025-08-22,321.6600036621094,340.25,319.69000244140625,340.010009765625,94016300,0.0,0.0,0.062166209505171155,325.0209991455078,321.47899841308595,0.37590633075774105,58.02846083006463,3.518012613508006,3.2752270456658916,True,False,False
2025-08-25,338.8999938964844,349.5299987792969,335.0299987792969,346.6000061035156,86670000,0.0,0.0,0.019381771561470362,326.0714996337891,322.028798828125,0.3677945853445949,60.88522630636553,4.6430317497893725,3.5487879864905882,True,False,False
2025-08-26,344.92999267578125,351.8999938964844,343.7200012207031,351.6700134277344,76651600,0.0,0.0,0.01462783391499567,327.5949996948242,322.5559991455078,0.3642156408951898,62.97328623301461,5.8759899849926,4.014228386190991,True,False,False
2025-08-27,351.94000244140625,355.3900146484375,349.1600036621094,349.6000061035156,65519000,0.0,0.0,-0.0058862207330171445,329.1229995727539,322.96539916992185,0.3638760645853991,61.52907570493792,6.609891266083196,4.533360962169432,True,False,False
2025-08-28,350.9100036621094,353.54998779296875,340.260009765625,345.9800109863281,67903200,0.0,0.0,-0.010354676927882056,331.00850067138674,323.5579992675781,0.3396345623378921,58.98159193719439,6.8207842118220015,4.990845612099946,True,False,False
2025-08-29,347.2300109863281,348.75,331.70001220703125,333.8699951171875,81145700,0.0,0.0,-0.03500206799409333,332.5705001831055,323.7943994140625,0.3600492513984188,51.32582990596991,5.942242841152392,5.181125057910435,True,False,False
2025-09-02,328.2300109863281,333.3299865722656,325.6000061035156,329.3599853515625,58392000,0.0,0.0,-0.01350828116207925,333.5754989624023,323.9383990478516,0.36015353515514975,48.7861113534186,4.826436226519206,5.11018729163219,True,False,False
2025-09-03,335.20001220703125,343.3299865722656,328.510009765625,334.0899963378906,88733300,0.0,0.0,0.014361219324440011,334.84399871826173,323.64659912109374,0.3616396270600002,51.49685744028201,4.274549456396585,4.943059724585069,True,False,False
2025-09-04,336.1499938964844,338.8900146484375,331.4800109863281,338.5299987792969,60711000,0.0,0.0,0.01328983953448204,335.7749984741211,323.6077990722656,0.3433781013346457,53.9602831705459,4.147634951411021,4.78397476995026,True,False,False
2025-09-05,348.0,355.8699951171875,344.67999267578125,350.8399963378906,108989800,0.0,0.0,0.036363092201525005,337.20349884033203,324.07359924316404,0.3630709167497902,60.02266002968993,4.982928122248438,4.823765440409896,True,False,False
2025-09-08,354.6400146484375,358.44000244140625,344.8399963378906,346.3999938964844,75208300,0.0,0.0,-0.01265534855703887,338.040998840332,324.48599914550783,0.361104279920533,57.10206062311576,5.226386359091521,4.904289624146221,True,False,False
2025-09-09,348.44000244140625,350.7699890136719,343.82000732421875,346.9700012207031,53816000,0.0,0.0,0.001645517708609212,338.43799896240233,324.95279907226563,0.3480714946103993,57.388718093824004,5.403040703175918,5.004039839952161,True,False,False
2025-09-10,350.54998779296875,356.3299865722656,346.07000732421875,347.7900085449219,72121700,0.0,0.0,0.0023633378140295314,338.7854995727539,325.5553991699219,0.3477831212267191,57.82533490632044,5.54528568006657,5.112289007975043,True,False,False
2025-09-11,350.1700134277344,368.989990234375,347.6000061035156,368.80999755859375,103756000,0.0,0.0,0.06043873744853956,340.25699920654296,326.9173992919922,0.40529127986438357,67.12456176307657,7.270345276384262,5.543900261656888,True,False,False
2025-09-12,370.94000244140625,396.69000244140625,370.239990234375,395.94000244140625,168156400,0.0,0.0,0.07356092584909457,343.275,328.5231994628906,0.4685649792406055,74.83656490095248,10.70325167125759,6.57577054357703,True,False,False
2025-09-15,423.1300048828125,425.70001220703125,402.42999267578125,410.0400085449219,163823700,0.0,0.0,0.03561147147692467,347.2490005493164,330.41699951171876,0.46907095675002025,77.75697361675535,14.39566313223645,8.139749061308915,True,False,False
2025-09-16,414.5,423.25,411.42999267578125,421.6199951171875,104285700,0.0,0.0,0.028241113869250656,351.57200012207034,332.97059936523436,0.47289670517328924,79.82761286499571,18.048284566036102,10.121456162254354,True,False,False
2025-09-17,415.75,428.30999755859375,409.6700134277344,425.8599853515625,106133500,0.0,0.0,0.01005642588937583,356.3994995117188,335.53159912109373,0.46011648628094043,80.54186771833362,21.04257938823912,12.305680807451308,True,False,False
2025-09-18,428.8699951171875,432.2200012207031,416.55999755859375,416.8500061035156,90454500,0.0,0.0,-0.021157139806429193,361.0470001220703,337.9509991455078,0.46445839845359455,74.50482919716677,22.429990612192285,14.330542768399503,True,False,False
2025-09-19,421.82000732421875,429.4700012207031,421.7200012207031,426.07000732421875,93131000,0.0,0.0,0.022118270566640064,366.3450012207031,340.2749993896484,0.45595034279368907,76.45011291181761,23.996879952129802,16.263810205145564,True,False,False
2025-09-22,431.1099853515625,444.9800109863281,429.1300048828125,434.2099914550781,97108800,0.0,0.0,0.019104804353584193,371.0550003051758,342.6889990234375,0.42086916247167033,78.04296682324333,25.600374551384334,18.13112307439332,True,False,False
2025-09-23,439.8800048828125,440.9700012207031,423.7200012207031,425.8500061035156,83422700,0.0,0.0,-0.019253323313789705,375.01750030517576,344.8679992675781,0.4347631562500503,72.61101084701296,25.898038160346402,19.684506091583938,True,False,False
2025-09-24,429.8299865722656,444.2099914550781,429.0299987792969,442.7900085449219,93133600,0.0,0.0,0.03977927016229388,379.57350006103513,347.5081994628906,0.446778914015717,76.22246377170413,27.187455277675667,21.185095928802287,True,False,False
2025-09-25,435.239990234375,435.3500061035156,419.0799865722656,423.3900146484375,96746400,0.0,0.0,-0.04381307961359793,383.26300048828125,349.5425994873047,0.48547504014281806,65.56084171942501,26.340275953041157,22.216131933650065,True,False,False
2025-09-26,428.29998779296875,440.4700012207031,421.0199890136719,440.3999938964844,101628200,0.0,0.0,0.0401756741055197,387.98399963378904,351.9623992919922,0.49040285125980604,69.57878441184987,26.73327880449034,23.119561307818124,True,False,False
2025-09-29,444.3500061035156,450.9800109863281,439.5,443.2099914550781,79491500,0.0,0.0,0.00638055766924972,393.4509994506836,354.23359924316406,0.45807632737136544,70.19736001666504,26.96069362093249,23.887787770441,True,False,False
2025-09-30,441.5199890136719,445.0,433.1199951171875,444.7200012207031,74358000,0.0,0.0,0.0034069849388267404,399.2190002441406,356.5581994628906,0.448109570756926,70.54397620599775,26.952079870150044,24.500646190382813,True,False,False
2025-10-01,443.79998779296875,462.2900085449219,440.75,459.4599914550781,98122300,0.0,0.0,0.033144428390707636,405.4875,359.1051995849609,0.452415435396323,73.7530195149294,27.814024672476876,25.16332188680163,True,False,False
2025-10-02,470.5400085449219,470.75,435.57000732421875,436.0,137009000,0.0,0.0,-0.051059922281332826,410.36100006103516,361.17399963378904,0.5120862243565745,62.14804333382413,26.30091629984952,25.39084076941121,True,False,False
2025-10-03,443.2900085449219,446.7699890136719,416.5799865722656,429.8299865722656,133188200,0.0,0.0,-0.014151406944344913,414.3104995727539,363.664599609375,0.5132021782278077,59.49649953200538,24.323512186890866,25.177375052907145,True,False,False
2025-10-06,440.75,453.54998779296875,436.69000244140625,453.25,85324900,0.0,0.0,0.054486690457546505,419.6529998779297,366.4083996582031,0.5278133514979817,65.51144929476976,24.365336107589997,25.01496726384372,True,False,False
2025-10-07,447.82000732421875,452.67999267578125,432.45001220703125,433.0899963378906,102296100,0.0,0.0,-0.044478772558432134,423.95899963378906,368.55839965820314,0.5661931088444765,57.58406493428486,22.512231068338735,24.514420024742726,True,False,False
2025-10-08,437.57000732421875,441.3299865722656,425.2300109863281,438.69000244140625,71192100,0.0,0.0,0.012930352007360923,428.5039993286133,370.90819946289065,0.5651115699658622,59.06583633035267,21.250542637657816,23.861644547325746,True,False,False
2025-10-09,431.80999755859375,436.3500061035156,426.17999267578125,435.5400085449219,69339900,0.0,0.0,-0.007180455170972544,431.8404998779297,373.23819946289063,0.53904918161886,57.84178468718642,19.768587315465595,23.043033100953718,True,False,False
2025-10-10,436.5400085449219,443.1300048828125,411.45001220703125,413.489990234375,112107900,0.0,0.0,-0.05062684914805626,432.71799926757814,375.3425994873047,0.521415332953509,50.0264591310272,16.62325234236016,21.75907694923501,True,False,False
2025-10-13,423.5299987792969,436.8900146484375,419.70001220703125,435.8999938964844,79552800,0.0,0.0,0.054197209585187034,434.01099853515626,378.0079992675781,0.5407948861686591,56.46466599084576,15.75721238670667,20.558704036729342,True,False,False
2025-10-14,426.7900085449219,434.20001220703125,417.8599853515625,429.239990234375,72669400,0.0,0.0,-0.015278742269702716,434.3919982910156,380.4075988769531,0.536557885279855,54.228670195146925,14.36783933858527,19.320531097100528,True,False,False
2025-10-15,434.8999938964844,440.510009765625,426.3299865722656,435.1499938964844,71558200,0.0,0.0,0.013768529951932784,434.8564987182617,382.93619873046873,0.5375095612157506,55.89766049551403,13.58701642391668,18.17382816246376,True,False,False
2025-10-16,434.7300109863281,439.3500061035156,421.30999755859375,428.75,77189900,0.0,0.0,-0.01470755828163206,435.4514984130859,385.11299865722657,0.5343622925955192,53.61761119959029,12.309881961434996,17.001038922258008,True,False,False
2025-10-17,425.5,441.4599914550781,423.6000061035156,439.30999755859375,89331600,0.0,0.0,0.02462973191508744,436.1134979248047,387.453798828125,0.5356923846286744,56.752220115317556,12.01138745035928,16.003108627878262,True,False,False
2025-10-20,443.8699951171875,449.79998779296875,440.6099853515625,447.42999267578125,63719000,0.0,0.0,0.018483519979771268,436.77449798583984,389.80939880371096,0.5354348689930492,59.044257464762886,12.288391219401944,15.260165146182999,True,False,False
2025-10-21,445.760009765625,449.29998779296875,442.04998779296875,442.6000061035156,54412200,0.0,0.0,-0.010794954856246153,437.6119979858398,391.8807989501953,0.5318026097297334,57.10555540883134,11.98008024386263,14.604148165718925,True,False,False
2025-10-22,443.45001220703125,445.5400085449219,429.0,438.9700012207031,84023500,0.0,0.0,-0.008201547294971134,437.4209976196289,393.84339904785156,0.5141291270305611,55.627240717578864,11.312427890678862,13.945804110710911,True,False,False
2025-10-23,420.0,449.3999938964844,413.8999938964844,448.9800109863281,126709800,0.0,0.0,0.022803402824313368,438.70049743652345,396.0353991699219,0.4926530770381604,58.79498817813828,11.458941180562817,13.448431524681293,True,False,False
2025-10-24,446.8299865722656,451.67999267578125,430.1700134277344,433.7200012207031,94727800,0.0,0.0,-0.03398817183887881,438.3664978027344,397.9981994628906,0.48954549446934736,52.626946728243084,10.22582185451813,12.803909590648663,True,False,False
2025-10-27,439.9800109863281,460.1600036621094,438.69000244140625,452.4200134277344,105867500,0.0,0.0,0.043115401997602554,438.8269989013672,400.4353997802734,0.5130099363900196,58.38794682861328,10.634908007556646,12.370109274030261,True,False,False
2025-10-28,454.7799987792969,467.0,451.6000061035156,460.54998779296875,80185700,0.0,0.0,0.017969970655449252,439.61849822998045,402.9431994628906,0.5163123726350812,60.62959943114064,11.482766532576363,12.192640725739484,True,False,False
2025-10-29,462.5,465.70001220703125,452.6499938964844,461.510009765625,67983500,0.0,0.0,0.0020845119924046696,439.7209991455078,405.58719970703123,0.5032716427571353,60.89747349346532,12.092768365865481,12.172666253764685,True,False,False
2025-10-30,451.04998779296875,455.05999755859375,439.6099853515625,440.1000061035156,72447900,0.0,0.0,-0.04639120107705208,439.9259994506836,407.91119995117185,0.4971386404492831,52.343907304685175,10.72496018396231,11.883125039804211,True,False,False
2025-10-31,446.75,458.0,443.69000244140625,456.55999755859375,83135800,0.0,0.0,0.03740057084027071,441.2625,410.6402001953125,0.5099061896345986,57.30853361911918,10.844141579925122,11.675328347828394,True,False,False
2025-11-03,455.989990234375,474.07000732421875,453.79998779296875,468.3699951171875,84595200,0.0,0.0,0.02586735066967427,442.01849975585935,413.20739990234375,0.48127500541016577,60.4890015667458,11.756045423830301,11.691471763028776,True,False,False
2025-11-04,454.4599914550781,460.2200012207031,443.6000061035156,444.260009765625,87756600,0.0,0.0,-0.05147636612701911,442.5770004272461,415.1605999755859,0.490800249246821,51.975967773810005,10.413224299997978,11.435822270422618,True,False,False
2025-11-05,452.04998779296875,466.3299865722656,440.7099914550781,462.07000732421875,85573000,0.0,0.0,0.040089130615176494,443.7460006713867,417.3685998535156,0.5081805284826487,56.81133355144339,10.663227791128236,11.281303374563743,True,False,False
2025-11-06,461.9599914550781,467.45001220703125,435.0899963378906,445.9100036621094,109622900,0.0,0.0,-0.03497306340156037,444.2645004272461,419.2947998046875,0.5249289990175077,51.7225613262073,9.448464105536402,10.914735520758276,True,False,False
2025-11-07,437.9200134277344,439.3599853515625,421.8800048828125,429.5199890136719,103471500,0.0,0.0,-0.03675632866235745,445.0660003662109,420.96559936523437,0.5086475241797332,47.11317633170186,7.0815858146072515,10.148105579528071,True,False,False
2025-11-10,439.6000061035156,449.6700134277344,433.3599853515625,445.2300109863281,76515900,0.0,0.0,0.03657576451501576,445.5325012207031,423.1927996826172,0.4882821070189164,51.56844132838798,6.399713284608481,9.398427120544154,True,False,False
2025-11-11,439.3999938964844,442.489990234375,432.3599853515625,439.6199951171875,60533200,0.0,0.0,-0.01260026442672324,446.05150146484374,425.3979998779297,0.48715182231214915,49.950228945897166,5.34502883097872,8.587747462631068,True,False,False
2025-11-12,442.1499938964844,442.3299865722656,426.55999755859375,430.6000061035156,58513500,0.0,0.0,-0.02051769508633805,445.8240020751953,427.3282000732422,0.4910218943657461,47.376059940451064,3.7382538097396605,7.617848732052786,True,False,False
2025-11-13,423.1300048828125,424.5,396.3399963378906,401.989990234375,118948000,0.0,0.0,-0.06644220962287406,444.4860015869141,428.59739990234374,0.543060280665722,40.2846034849296,0.15450283989451918,6.125179553621132,True,False,False
2025-11-14,386.29998779296875,412.19000244140625,382.7799987792969,404.3500061035156,105506700,0.0,0.0,0.005870832424868633,442.73800201416014,429.66760009765625,0.5345753439092594,41.06822710031714,-2.466776600934679,4.4067883227099705,True,False,False
2025-11-17,398.739990234375,423.9599914550781,398.739990234375,408.9200134277344,102214300,0.0,0.0,0.011302107716671506,440.8125030517578,430.9180004882812,0.531239035655212,42.637983496805774,-4.127815161465037,2.6998676258749685,True,False,False
2025-11-18,405.3800048828125,408.8999938964844,393.7099914550781,401.25,80688600,0.0,0.0,-0.018756757252943457,438.74500274658203,432.0036004638672,0.5333466076696722,40.679489862001304,-5.9940109434495525,0.9610919120100639,True,False,False
2025-11-19,406.17999267578125,411.7799987792969,398.5,403.989990234375,72047700,0.0,0.0,0.006828636098130891,436.9960021972656,433.1276000976562,0.5345745225580322,41.709545125573406,-7.169247609288448,-0.6649759922496389,True,False,False
2025-11-20,414.6300048828125,428.94000244140625,394.739990234375,395.2300109863281,113548800,0.0,0.0,-0.02168365419886953,434.3085021972656,433.65600036621095,0.5287237674881236,39.35659913960003,-8.707118012746662,-2.273404396349044,True,False,False
2025-11-21,402.32000732421875,402.79998779296875,383.760009765625,391.0899963378906,100460600,0.0,0.0,-0.010474950113494086,432.177001953125,433.55900024414063,0.5186024642924906,38.25814016409751,-10.143033394673353,-3.847330196013907,False,False,True
2025-11-24,402.1700134277344,421.7200012207031,401.0899963378906,417.7799987792969,96806400,0.0,0.0,0.0682451678419993,430.44500122070315,433.71380004882815,0.5556481288636539,48.280152505009475,-9.023331195504682,-4.882530395912062,False,False,False
2025-11-25,414.4200134277344,420.4800109863281,405.95001220703125,419.3999938964844,71915600,0.0,0.0,0.0038776272725380423,428.3875015258789,433.6694000244141,0.5506919921683745,48.823150898219346,-7.91401127289879,-5.488826571309408,False,False,False
2025-11-26,423.95001220703125,426.94000244140625,416.8900146484375,426.5799865722656,63463000,0.0,0.0,0.017119677587676296,426.64100036621096,433.6838000488281,0.5554954113589374,51.26531290147304,-6.381934866260394,-5.667448230299606,False,False,False
2025-11-28,426.5899963378906,432.92999267578125,426.20001220703125,430.1700134277344,36252900,0.0,0.0,0.008415835173881447,426.1445007324219,433.9502001953125,0.532767351313568,52.48620977607233,-4.822477592061716,-5.498454102652029,False,False,False
2025-12-01,425.32000732421875,433.6600036621094,425.2900085449219,430.1400146484375,57463600,0.0,0.0,-6.973703038437584e-05,424.82350158691406,434.0316003417969,0.513572499601158,52.474379941151405,-3.548116637780879,-5.108386609677799,False,False,False
2025-12-02,430.80999755859375,436.79998779296875,422.1199951171875,429.239990234375,69336600,0.0,0.0,-0.0020923987153301793,422.86700134277345,433.9322003173828,0.502577258704507,52.09500820334823,-2.581048132411695,-4.6029189142245786,False,False,False
2025-12-03,432.1000061035156,447.9200134277344,431.1099853515625,446.739990234375,87483000,0.0,0.0,0.04076973347810542,422.9910003662109,434.35,0.4932806294233454,58.39363498057015,-0.3979483275507505,-3.761924796889813,False,False,False
2025-12-04,449.94000244140625,454.6300048828125,445.3900146484375,454.5299987792969,71906500,0.0,0.0,0.017437455153354264,422.61399993896487,434.5847998046875,0.4755471635961622,60.86060452102841,1.9384177092150594,-2.621856295668838,False,False,False
2025-12-05,453.0299987792969,458.8699951171875,451.6600036621094,455.0,56427500,0.0,0.0,0.0010340378456106247,423.06849975585936,435.21699951171877,0.4576631515673543,61.01081282036295,3.784306664922724,-1.3406237035505255,False,False,False
2025-12-08,447.45001220703125,449.75,435.25,439.5799865722656,69165800,0.0,0.0,-0.033890139401614006,423.5714996337891,435.2005993652344,0.45459624987005914,53.72575811536297,3.957303417581784,-0.2810382793240634,False,False,False
2025-12-09,437.5400085449219,452.3900146484375,435.70001220703125,445.1700134277344,62367400,0.0,0.0,0.01271674558948499,423.56849975585936,435.2397998046875,0.4377912769518772,55.7868225055998,4.493672777308518,0.6739039320024532,False,False,False
2025-12-10,446.07000732421875,456.8800048828125,443.6099853515625,451.45001220703125,63257500,0.0,0.0,0.014106967203253218,424.1600006103516,435.37440002441406,0.43757370772399634,58.047509044351,5.363663799063318,1.6118559054146266,False,False,False
2025-12-11,448.95001220703125,449.2699890136719,440.3299865722656,446.8900146484375,55979500,0.0,0.0,-0.010100780674035192,424.97450103759763,435.12300048828126,0.43208975576123315,55.81581020287714,5.62039583366635,2.413563891064972,False,False,False
2025-12-12,448.0899963378906,463.010009765625,441.6700134277344,458.9599914550781,95656700,0.0,0.0,0.027008830833098685,427.8230010986328,435.5822003173828,0.35574435478945865,60.179783874228455,6.720336223316281,3.2749183575152343,False,False,False
2025-12-15,469.44000244140625,481.7699890136719,467.6600036621094,475.30999755859375,114542200,0.0,0.0,0.035624033484225714,431.3710006713867,436.4918005371094,0.3700124062691389,65.19463036358576,8.80980184485162,4.381895054982512,False,False,False
2025-12-16,472.2099914550781,491.5,465.8299865722656,489.8800048828125,107608100,0.0,0.0,0.030653694218629735,435.41900024414065,437.22440063476563,0.37832833979449376,68.94760528798776,11.50873074405655,5.80726219279732,False,False,False
2025-12-17,488.2200012207031,495.2799987792969,466.20001220703125,467.260009765625,106490400,0.0,0.0,-0.04617456293730249,438.71950073242186,437.9078009033203,0.4159780071380278,58.41632720534841,11.687678496261356,6.983345453490127,True,True,False
2025-12-18,478.1600036621094,490.8599853515625,473.1199951171875,483.3699951171875,95168400,0.0,0.0,0.034477560704677446,442.6885009765625,438.80140075683596,0.42642066674044743,62.77706370581616,12.979813845876834,8.182639131967468,True,False,False
2025-12-19,488.1199951171875,490.489990234375,474.7200012207031,481.20001220703125,103305400,0.0,0.0,-0.00448927929345333,446.9870010375977,439.7146008300781,0.41401104989787957,61.836415656250985,13.671148444954724,9.28034099456492,True,False,False
2025-12-22,489.8800048828125,498.8299865722656,485.3299865722656,488.7300109863281,86916100,0.0,0.0,0.01564837611861325,451.8690017700195,441.2194012451172,0.4070259791054348,63.86007180913672,14.657679461441717,10.35580868794028,True,False,False
2025-12-23,489.3999938964844,491.9700012207031,482.8399963378906,485.55999755859375,58223600,0.0,0.0,-0.00648622625268469,455.25800170898435,442.21260131835936,0.3515413103988419,62.36090198400809,15.010684976289497,11.286783945610125,True,False,False
2025-12-24,488.4800109863281,490.8999938964844,476.79998779296875,485.3999938964844,41285400,0.0,0.0,-0.00032952397832164415,458.55800170898436,443.33580139160154,0.3524765950922413,62.281426444497306,15.103430486656862,12.050113253819474,True,False,False
2025-12-26,485.2300109863281,489.0899963378906,473.82000732421875,475.19000244140625,58780700,0.0,0.0,-0.021034181259704576,460.9885025024414,444.1366015625,0.364576105170665,57.26610385550736,14.189503229284185,12.477991248912417,True,False,False
2025-12-29,469.0,469.3999938964844,459.0,459.6400146484375,66263000,0.0,0.0,-0.03272372674735757,462.4620025634766,444.75440185546876,0.38888922503509815,50.5849563740225,12.071304748094065,12.396653948748748,True,False,False
2025-12-30,461.0899963378906,463.1199951171875,453.8299865722656,454.42999267578125,59238500,0.0,0.0,-0.011335005235871831,463.67650146484374,445.0568017578125,0.39234138127711093,48.54152063401598,9.858568518595291,11.889036862718058,True,False,False
2025-12-31,456.1000061035156,456.54998779296875,449.29998779296875,449.7200012207031,49078000,0.0,0.0,-0.010364613980130777,464.7005020141602,445.10260192871095,0.39486759583191783,46.70470532964488,7.636869094297026,11.038603309033853,True,False,False
2026-01-02,457.79998779296875,458.3399963378906,435.29998779296875,438.07000732421875,85535400,0.0,0.0,-0.02590499391813139,464.26700286865236,445.012001953125,0.3800976496435781,42.42812875927881,4.879847307514183,9.80685210872992,True,False,False
2026-01-05,447.989990234375,457.54998779296875,444.57000732421875,451.6700134277344,67940800,0.0,0.0,0.031045280151877908,464.1240036010742,445.2660021972656,0.3916077868920537,48.37138161799341,3.7490774793178616,8.595297182847508,True,False,False
2026-01-06,446.3800048828125,448.25,428.7799987792969,432.9599914550781,89093800,0.0,0.0,-0.041424095947095174,463.0220031738281,444.94560180664064,0.4181828027658746,41.95465041798357,1.3278848072220626,7.1418147077224186,True,False,False
2026-01-07,435.8999938964844,438.3699951171875,431.2900085449219,431.4100036621094,59828800,0.0,0.0,-0.0035799792672750463,462.61350402832034,444.89940185546874,0.4011632618157359,41.46392960638914,-0.7078393587561891,5.571883894426697,True,False,False
2026-01-08,427.8900146484375,436.8900146484375,424.3699951171875,435.79998779296875,57041100,0.0,0.0,0.010175897854927118,462.145002746582,444.56700134277344,0.4001418806997692,43.480314623145766,-1.9445152349525188,4.0686040685508535,True,False,False
2026-01-09,435.95001220703125,449.04998779296875,430.3900146484375,445.010009765625,67331500,0.0,0.0,0.02113359850994656,461.82300262451173,444.2562017822266,0.4043596838431119,47.56146717457721,-2.156558510678508,2.8235715527049807,True,False,False
2026-01-12,441.2300109863281,454.29998779296875,438.0,448.9599914550781,61649600,0.0,0.0,0.00887616368794375,461.92650146484374,444.0052014160156,0.4039375989129602,49.25387519896399,-1.9830148624655521,1.8622542696708742,True,False,False
2026-01-13,450.20001220703125,451.80999755859375,443.95001220703125,447.20001220703125,53719200,0.0,0.0,-0.003920124914344347,461.33850250244143,444.14720153808594,0.39179430675587207,48.50274025354505,-1.9648463617158995,1.0968341433935194,True,False,False
2026-01-14,442.80999755859375,443.9100036621094,434.2200012207031,439.20001220703125,57259500,0.0,0.0,-0.017889087168218576,459.53300323486326,443.8000018310547,0.3709278085755075,45.13341540853703,-2.566397008003605,0.36418791311409426,True,False,False
2026-01-15,441.1300048828125,445.3599853515625,437.6499938964844,438.57000732421875,49465800,0.0,0.0,-0.0014344373071545347,456.9675033569336,443.2040020751953,0.3483316632824716,44.86907573810116,-3.058707482122827,-0.3203911659332902,True,False,False
2026-01-16,439.5,447.25,435.260009765625,437.5,60220600,0.0,0.0,-0.0024397640202233895,455.47950286865233,443.0688018798828,0.31305009955351937,44.39350936208572,-3.494920460847652,-0.9552970249161629,True,False,False
2026-01-20,429.3599853515625,430.7300109863281,417.44000244140625,419.25,63187300,0.0,0.0,-0.041714285714285704,452.273503112793,442.21240173339845,0.3085424521211113,37.159282290194916,-5.252695068556875,-1.8147766336443054,True,False,False
2026-01-21,421.6600036621094,438.20001220703125,419.6199951171875,431.44000244140625,68124000,0.0,0.0,0.02907573629435012,449.7855026245117,441.9230017089844,0.3339889116209282,43.75255535570151,-5.5975872864669896,-2.5713387642088428,True,False,False
2026-01-22,435.1600036621094,449.5,432.6300048828125,449.3599853515625,71546700,0.0,0.0,0.041535283721378935,447.81700134277344,442.3198016357422,0.3665105278342263,51.764614743501404,-4.3744975123788095,-2.9319705138428365,True,False,False
2026-01-23,447.42999267578125,452.42999267578125,444.0400085449219,449.05999755859375,56771400,0.0,0.0,-0.0006675890216037983,445.99200134277345,442.3964013671875,0.3665556972496149,51.63202461455159,-3.3903151200123602,-3.0236394350767415,True,False,False
2026-01-26,445.0,445.0400085449219,434.2799987792969,435.20001220703125,49397400,0.0,0.0,-0.030864440001147186,443.4820022583008,442.30800170898436,0.3787147052808522,45.79561249641538,-3.6862358364309102,-3.156158715347576,True,False,False
2026-01-27,437.4100036621094,437.5199890136719,430.69000244140625,430.8999938964844,37733100,0.0,0.0,-0.009880556502607107,441.2675018310547,442.3140014648437,0.3745657020637191,44.12896869871239,-4.21909556966358,-3.3687460862107765,False,False,True
2026-01-28,431.9100036621094,438.260009765625,430.1000061035156,431.4599914550781,54857400,0.0,0.0,0.0012995998294869082,439.8585006713867,442.9034014892578,0.3598841287187807,44.412692044564736,-4.543825235531756,-3.6037619160749728,False,False,False
2026-01-29,437.79998779296875,440.2300109863281,414.6199951171875,416.55999755859375,81686100,0.0,0.0,-0.03453389466363932,437.96500091552736,443.14760131835936,0.3761382294078103,38.77110601399655,-5.935065082463893,-4.070022549352757,False,False,False
2026-01-30,425.3500061035156,439.8800048828125,422.70001220703125,430.4100036621094,82626100,0.0,0.0,0.033248526466028494,436.99950103759767,443.57740112304685,0.39770429194509455,45.678502823561395,-5.852587950492477,-4.426535629580701,False,False,False
2026-02-02,421.2900085449219,427.1499938964844,414.5,421.80999755859375,58739500,0.0,0.0,-0.019980962408733927,436.1865005493164,443.98860107421876,0.39349409737141244,42.474315775325834,-6.407313328852467,-4.822691169435054,False,False,False
2026-02-03,424.2699890136719,428.55999755859375,413.69000244140625,421.9599914550781,56886500,0.0,0.0,0.0003555958781265023,434.7009994506836,444.34800109863284,0.37434137945910456,42.55000873341774,-6.756944088487842,-5.209541753245612,False,False,False
2026-02-04,420.4599914550781,423.8999938964844,399.17999267578125,406.010009765625,74606900,0.0,0.0,-0.03779974882085746,433.35350036621094,444.56360107421875,0.3696153442048157,36.97803791479911,-8.226232321680016,-5.8128798669324935,False,False,False
2026-02-05,397.0199890136719,402.1000061035156,387.5299987792969,397.2099914550781,72819800,0.0,0.0,-0.02167438757390938,431.64349975585935,444.6860009765625,0.3755570629709803,34.308597593129136,-9.985633596712603,-6.647430612888516,False,False,False
2026-02-06,400.8699951171875,414.54998779296875,397.75,411.1099853515625,62677100,0.0,0.0,0.03499406912088299,430.40899963378905,444.5526007080078,0.3975436595200437,41.493136286201654,-10.141454072910733,-7.34623530489296,False,False,False
2026-02-09,409.9100036621094,421.25,407.2900085449219,417.32000732421875,54484300,0.0,0.0,0.015105500216312517,429.0244995117188,444.5110009765625,0.39332111064885944,44.417885480016004,-9.652577148205523,-7.807503673555473,False,False,False
2026-02-10,418.0799865722656,427.25,417.0,425.2099914550781,64450200,0.0,0.0,0.018906316477488305,427.8369995117188,444.48360107421877,0.39888145549164733,47.97625541976627,-8.5301525939297,-7.952033457630319,False,False,False
2026-02-11,427.9599914550781,436.3500061035156,420.0299987792969,428.2699890136719,57362000,0.0,0.0,0.00719643851293883,426.89049835205077,444.4456005859375,0.4002740934400377,49.33109290045316,-7.309448051359425,-7.823516376376141,False,False,False
2026-02-12,430.29998779296875,436.2300109863281,414.0,417.07000732421875,61933400,0.0,0.0,-0.02615168463063977,425.7839981079102,444.18420043945315,0.4057008373243615,44.73859610699244,-7.163202882961684,-7.691453677693249,False,False,False
2026-02-13,414.30999755859375,424.05999755859375,410.8800048828125,417.44000244140625,51434100,0.0,0.0,0.0008871295242764976,424.72749786376954,443.94820068359377,0.40584801517453245,44.921018182017185,-6.937476113382047,-7.540658164831009,False,False,False
2026-02-17,412.3599853515625,413.7200012207031,400.510009765625,410.6300048828125,59678800,0.0,0.0,-0.016313715788533356,423.38399810791014,443.2260009765625,0.40895315705127305,42.162251817686,-7.224812767378296,-7.4774890853404665,False,False,False
2026-02-18,411.1099853515625,416.8999938964844,409.5799865722656,411.32000732421875,45921400,0.0,0.0,0.0016803507615161806,422.9874984741211,442.36180114746094,0.3824025137860219,42.5472551316991,-7.312557099059347,-7.444502688084243,False,False,False
2026-02-19,407.25,415.25,404.1099853515625,411.7099914550781,51019600,0.0,0.0,0.0009481282794785439,422.00099792480466,441.4960009765625,0.3660595298752084,42.77909536354736,-7.266858828837201,-7.408973916234835,False,False,False
2026-02-20,408.29998779296875,414.70001220703125,405.5,411.82000732421875,57912200,0.0,0.0,0.00026721690370390405,420.1239990234375,440.94080139160155,0.32818717746682796,42.84915916975731,-7.139465940055459,-7.35507232099896,False,False,False
2026-02-23,407.2900085449219,407.70001220703125,394.0400085449219,399.8299865722656,69680000,0.0,0.0,-0.02911471161845125,417.6624984741211,440.0340008544922,0.3395235485419818,37.46504186491315,-7.9147641533873525,-7.467010687476638,False,False,False
2026-02-24,399.5,410.82000732421875,397.6400146484375,409.3800048828125,58579500,0.0,0.0,0.023885197787236967,416.37149810791016,439.19260070800783,0.3410448479200442,43.549336197649,-7.670169963522483,-7.507642542685808,False,False,False
2026-02-25,412.1499938964844,420.3399963378906,412.1499938964844,417.3999938964844,54809700,0.0,0.0,0.019590573349979934,415.69649810791014,438.60280029296877,0.3489217604596628,48.114801889959786,-6.7513557913009095,-7.356385192408828,False,False,False
2026-02-26,414.4200134277344,416.80999755859375,403.6600036621094,408.5799865722656,53602500,0.0,0.0,-0.021130827631028026,414.55249786376953,437.5952001953125,0.3556728449903986,43.90899451343855,-6.658138938172669,-7.2167359415615975,False,False,False
2026-02-27,402.94000244140625,407.1199951171875,398.1099853515625,402.510009765625,56890100,0.0,0.0,-0.014856275407819197,413.8499984741211,436.13920043945313,0.3386024061500698,41.237433634224686,-6.99344423795327,-7.172077600839932,False,False,False
2026-03-02,390.6000061035156,404.5400085449219,388.25,403.32000732421875,55088300,0.0,0.0,0.0020123662491409178,412.49549865722656,434.40800048828123,0.31329731570264735,41.74677961554782,-7.111835260310045,-7.160029132733956,False,False,False
2026-03-03,395.0899963378906,396.3399963378906,385.3900146484375,392.42999267578125,62617300,0.0,0.0,-0.027000928420799375,411.02649841308596,432.91140014648437,0.3192602598571641,37.09178388084104,-7.992264320888751,-7.3264761703649155,False,False,False
2026-03-04,397.8500061035156,408.3299865722656,394.5799865722656,405.94000244140625,68305500,0.0,0.0,0.03442654745501761,410.22549896240236,431.36280029296876,0.34634871433782144,45.248317980241815,-7.513257656894666,-7.363832467670866,False,False,False
2026-03-05,401.57000732421875,408.6199951171875,399.4200134277344,405.54998779296875,51925900,0.0,0.0,-0.0009607691927178141,410.2024978637695,429.8497998046875,0.31904109714770296,45.06665620188406,-7.083458645300084,-7.307757703196711,False,False,False
2026-03-06,398.0899963378906,402.3500061035156,394.2099914550781,396.7300109863281,64054600,0.0,0.0,-0.021748186591348584,410.17849884033205,428.0097998046875,0.3191081076379593,41.05268799956122,-7.369586245916139,-7.320123411740597,False,False,False
2026-03-09,390.04998779296875,401.5899963378906,381.3999938964844,398.67999267578125,67018900,0.0,0.0,0.004915135319874642,409.55699920654297,426.27219970703123,0.2922553428479062,42.27678788019099,-7.354222308255373,-7.3269431910435525,False,False,False
2026-03-10,402.2200012207031,406.5899963378906,398.19000244140625,399.239990234375,59258700,0.0,0.0,0.0014046291985592152,408.65299835205076,424.54899963378904,0.285988825049269,42.64514015485909,-7.213704064009335,-7.30429536563671,False,False,False
2026-03-11,402.2799987792969,416.3800048828125,402.1499938964844,407.82000732421875,62559900,0.0,0.0,0.02149087591352461,407.7834991455078,423.2015997314453,0.28863654404802785,48.108909600673584,-6.336958161048244,-7.110827924719018,False,False,False
2026-03-12,405.17999267578125,406.5,394.6499938964844,395.010009765625,60973800,0.0,0.0,-0.03141091003024221,406.1205001831055,421.90899963378905,0.3045433030695151,41.71891201896581,-6.599713077521585,-7.008604955279531,False,False,False
2026-03-13,399.1700134277344,400.20001220703125,389.95001220703125,391.20001220703125,58504100,0.0,0.0,-0.009645319015724074,404.8270004272461,420.64440002441404,0.29397057224809275,40.016462632527066,-7.034296215301424,-7.01374320728391,False,False,False
2026-03-16,396.2200012207031,403.7300109863281,394.4200134277344,395.55999755859375,58068300,0.0,0.0,0.011145156481373375,403.73300018310545,419.5611999511719,0.29801248276014003,42.8886242450808,-6.946813560556393,-7.000357277938407,False,False,False
2026-03-17,395.69000244140625,400.1199951171875,393.0,399.2699890136719,46890500,0.0,0.0,0.00937908655570907,403.1649993896484,418.78519958496094,0.2961900987985146,45.28923713080178,-6.503153318279146,-6.900916486006555,False,False,False
2026-03-18,399.0,403.07000732421875,392.30999755859375,392.7799987792969,50853100,0.0,0.0,-0.016254640751756533,402.23799896240234,417.6073992919922,0.30065599109399793,41.96605975203803,-6.599166271735442,-6.840566443152332,False,False,False
2026-03-19,387.2699890136719,387.2699890136719,378.7300109863281,380.29998779296875,67078300,0.0,0.0,-0.03177353995904619,400.66749877929686,416.55419921875,0.31813624139187696,36.43030399285442,-7.594742353589368,-6.99140162523974,False,False,False
2026-03-20,379.8500061035156,379.8900146484375,364.4599914550781,367.9599914550781,78628600,0.0,0.0,-0.03244805872728129,398.47449798583983,415.2851989746094,0.33345711806336414,31.943419610228403,-9.272589506171641,-7.447639201426121,False,False,False
2026-03-23,373.0899963378906,385.3299865722656,372.7300109863281,380.8500061035156,74606000,0.0,0.0,0.035031022251806876,397.52549896240237,414.18619934082034,0.3502782288880967,40.225192776818965,-9.453208306112458,-7.848753022363388,False,False,False
2026-03-24,376.55999755859375,387.4800109863281,376.30999755859375,383.0299987792969,60004900,0.0,0.0,0.005724019012326664,396.20799865722654,412.94659912109375,0.33806121510087217,41.52128917768729,-9.31308734268623,-8.141619886427957,False,False,False
2026-03-25,389.989990234375,396.2300109863281,385.010009765625,385.95001220703125,55157300,0.0,0.0,0.007623458833617036,394.63549957275393,411.6863995361328,0.32997747421584955,43.29488973742187,-8.864238367502367,-8.28614358264284,False,False,False
2026-03-26,381.6000061035156,384.44000244140625,371.8699951171875,372.1099853515625,55522900,0.0,0.0,-0.03585963575004292,392.81199951171874,410.1845989990234,0.344132655216103,37.490969143973714,-9.51560682991709,-8.53203623209769,False,False,False
2026-03-27,369.69000244140625,369.8599853515625,359.4700012207031,361.8299865722656,62065700,0.0,0.0,-0.027626237359861583,390.77799835205076,408.63719848632815,0.35215096082433067,33.860075257792616,-10.737555165144101,-8.973140018706973,False,False,False
2026-03-30,365.8599853515625,367.2900085449219,352.1400146484375,355.2799987792969,67954400,0.0,0.0,-0.018102390725044493,388.37599792480466,406.97139831542967,0.35401224298380085,31.750160428333643,-12.095062942152595,-9.597524603396097,False,False,False
2026-03-31,361.510009765625,373.3299865722656,361.0,371.75,75534900,0.0,0.0,0.04635780589195071,387.3419982910156,405.65639831542967,0.3904223777463656,41.603853278027664,-11.70695568497041,-10.019410819710961,False,False,False
2026-04-01,378.6300048828125,383.1400146484375,374.0799865722656,381.260009765625,58683800,0.0,0.0,0.025581734406523227,386.1079986572266,404.8965985107422,0.3804880946964409,46.41463440854044,-10.51083718952168,-10.117696093673105,False,False,False
2026-04-02,364.20001220703125,370.2799987792969,359.0299987792969,360.5899963378906,83031200,0.0,0.0,-0.05421500524128142,383.85999908447263,403.4795983886719,0.42169144711122136,38.9113387446051,-11.102815653823882,-10.314720005703261,False,False,False
2026-04-06,362.5899963378906,367.7200012207031,346.6400146484375,352.82000732421875,77697600,0.0,0.0,-0.021547988276388597,381.6644989013672,401.548798828125,0.4215898594941175,36.52128583617417,-12.0599168146519,-10.66375936749299,False,False,False
2026-04-07,346.44000244140625,348.0199890136719,337.239990234375,346.6499938964844,74515400,0.0,0.0,-0.017487708462248674,379.06299896240233,399.5005987548828,0.4217411334838291,34.69867231640386,-13.164542250394504,-11.163915944073294,False,False,False
2026-04-08,363.7900085449219,364.5,339.6700134277344,343.25,78838600,0.0,0.0,-0.009808146419583275,376.2634994506836,397.6615985107422,0.4207843464849655,33.70059807441994,-14.151190839936362,-11.76137092324591,False,False,False
2026-04-09,343.1499938964844,348.8800048828125,337.25,345.6199951171875,62164000,0.0,0.0,0.006904574267115882,373.153498840332,395.95599853515625,0.410660587270426,35.10191342555049,-14.573879545016212,-12.323872647599972,False,False,False
2026-04-10,346.2900085449219,350.3599853515625,342.739990234375,348.95001220703125,51336000,0.0,0.0,0.009634908676839249,370.85049896240236,394.3057989501953,0.40533331422253316,37.11317982772319,-14.473319423082557,-12.75376200269649,False,False,False
2026-04-13,350.07000732421875,356.3500061035156,348.57000732421875,352.4200134277344,53617500,0.0,0.0,0.009944121218842028,368.9114990234375,393.02299926757814,0.4088620386380666,39.226756328577615,-13.95278567549343,-12.99356673725588,False,False,False
2026-04-14,357.6700134277344,367.6300048828125,354.7699890136719,364.20001220703125,59979600,0.0,0.0,0.03342602102735692,367.3434997558594,391.69879943847656,0.4276686140528728,45.87704009529944,-12.44623898287432,-12.884101186379569,False,False,False
2026-04-15,366.8299865722656,394.6499938964844,362.5,391.95001220703125,113810400,0.0,0.0,0.07619439612820611,366.97750091552734,391.10159973144533,0.5123141052350707,57.63723425309978,-8.910383437570204,-12.089357636617697,False,False,False
2026-04-16,393.80999755859375,394.05999755859375,381.79998779296875,388.8999938964844,63515100,0.0,0.0,-0.007781651270713175,366.7835006713867,390.4403997802734,0.5097202687580317,56.192021611344074,-6.281889716733758,-10.92786405264091,False,False,False
2026-04-17,395.9200134277344,409.2799987792969,391.6499938964844,400.6199951171875,90640000,0.0,0.0,0.03013628543234881,367.7995010375977,390.33259948730466,0.5059123909879946,60.310305395911556,-3.216011180333055,-9.38549347817934,False,False,False
2026-04-20,402.5799865722656,406.79998779296875,388.3299865722656,392.5,64603900,0.0,0.0,-0.02026857175416885,369.02650146484376,390.23839965820315,0.4963232993615837,56.357311707550295,-1.4250687901612764,-7.793408540575728,False,False,False
2026-04-21,393.0,393.95001220703125,385.2200012207031,386.4200134277344,50530600,0.0,0.0,-0.015490411649084379,369.3050018310547,389.7446002197266,0.4863123948465637,53.52820821466232,-0.4906818715446093,-6.332863206769504,False,False,False
2026-04-22,387.57000732421875,393.010009765625,385.29998779296875,387.510009765625,62362800,0.0,0.0,0.0028207553957204645,369.5290023803711,389.14840026855467,0.4860606949786078,53.9742815309365,0.33393074260555977,-4.999504416894492,False,False,False
2026-04-23,375.2799987792969,386.0,368.3900146484375,373.7200012207031,93969500,0.0,0.0,-0.03558619957523779,368.91750183105466,388.1186004638672,0.5022085040005433,47.731907370007264,-0.12386838371060094,-4.024377210257714,False,False,False
2026-04-24,373.5,382.760009765625,370.7300109863281,376.29998779296875,62893300,0.0,0.0,0.0069035282132037246,369.127001953125,387.07920043945313,0.48566361827169324,48.92214364553953,-0.27532041270961827,-3.2745658507480946,False,False,False
2026-04-27,372.0899963378906,380.7799987792969,364.0199890136719,378.6700134277344,66735800,0.0,0.0,0.0062982346841573555,369.96900329589846,386.31120056152344,0.47393044523702005,50.0474593845141,-0.20177998122943563,-2.660008676844363,False,False,False
2026-04-28,374.67999267578125,382.2900085449219,372.5400085449219,376.0199890136719,50864400,0.0,0.0,-0.006998242057971282,371.00600280761716,385.48280029296876,0.469081599383324,48.75405598738217,-0.3532613060493759,-2.198659202685366,False,False,False
2026-04-29,375.3999938964844,376.3999938964844,370.0400085449219,372.79998779296875,45384800,0.0,0.0,-0.008563377785179571,371.0585021972656,384.72619995117185,0.4418629140455811,47.15924346997381,-0.7247836800691516,-1.903884098162123,False,False,False
2026-04-30,372.75,384.75,368.1700134277344,381.6300048828125,51076000,0.0,0.0,0.02368566893502,371.077001953125,384.13239990234376,0.44048481872674866,51.814126881132836,-0.30321399237550395,-1.5837500770047992,False,False,False
2026-05-01,382.489990234375,397.82000732421875,378.79998779296875,390.82000732421875,65338300,0.0,0.0,0.024080922159745333,372.58850250244143,383.71460021972655,0.3972620299355344,56.14429396302535,0.763636686953987,-1.114272724213042,False,False,False
2026-05-04,390.2300109863281,394.6400146484375,384.79998779296875,392.510009765625,48765100,0.0,0.0,0.00432424750456617,374.57300262451173,383.3284002685547,0.38535024181823957,56.91113676743297,1.7256009559771996,-0.5462979881749934,False,False,False
2026-05-05,395.19000244140625,402.1199951171875,389.0,389.3699951171875,47780600,0.0,0.0,-0.007999833304410453,376.70900268554686,383.11920043945315,0.37922781176014286,54.987285276742,2.2091261981458956,0.004786849089184565,False,False,False
2026-05-06,386.25,401.67999267578125,384.0199890136719,398.7300109863281,53465400,0.0,0.0,0.024038873016714035,379.4830032348633,382.90620056152346,0.37943648409113856,59.39380916975756,3.309449221336081,0.6657193235385641,False,False,False
2026-05-07,407.4800109863281,415.8299865722656,402.1199951171875,411.7900085449219,64294200,0.0,0.0,0.03275398690529352,382.79150390625,382.7940008544922,0.38959905264183553,64.60099599852003,5.175634310032933,1.5677023208374383,False,False,False
2026-05-08,416.4800109863281,431.20001220703125,416.3900146484375,428.3500061035156,65050000,0.0,0.0,0.040214665764012114,386.7615036010742,383.1894012451172,0.4049962431823025,69.87602698056781,7.899788993201241,2.8341196553101997,True,True,False
2026-05-11,422.1600036621094,449.1600036621094,416.79998779296875,445.0,78376100,0.0,0.0,0.038870068073398656,391.3905029296875,384.03920104980466,0.4172003528714996,74.06127409438292,11.272276773828253,4.521751079013811,True,False,False
2026-05-12,441.4100036621094,447.79998779296875,422.260009765625,433.45001220703125,60569300,0.0,0.0,-0.025955028748244402,394.8530029296875,384.6418011474609,0.4299059441096152,67.09717094991754,12.864713737856675,6.190343610782384,True,False,False
2026-05-13,436.6700134277344,453.3999938964844,430.2099914550781,445.2699890136719,68283200,0.0,0.0,0.027269526989873505,397.51900177001954,385.69860107421874,0.3576077067246891,70.18677455009436,14.90864724424506,7.93400433747492,True,False,False
2026-05-14,446.489990234375,451.9800109863281,441.1600036621094,443.29998779296875,46070400,0.0,0.0,-0.004424284747029383,400.23900146484374,386.44580078125,0.3560072101942786,69.02345040753923,16.182969441111595,9.583797358202256,True,False,False
2026-05-15,433.9800109863281,434.6600036621094,422.0,422.239990234375,52688700,0.0,0.0,-0.04750732717914996,401.32000122070315,386.77960083007815,0.393253913818188,57.96299992771261,15.316948913286012,10.730427669219008,True,False,False
2026-05-18,419.2699890136719,421.1300048828125,405.3299865722656,409.989990234375,52474200,0.0,0.0,-0.029011937010514632,402.1945007324219,387.04480041503905,0.4012365307254346,52.67553432101595,13.48668270016583,11.281678675408374,True,False,False
2026-05-19,403.1600036621094,405.6300048828125,393.6300048828125,404.1099853515625,46500600,0.0,0.0,-0.014341825466156255,403.0789993286133,387.15340026855466,0.4005741745371006,50.303498868706434,11.429958836554817,11.311334707637664,True,False,False
2026-05-20,407.6000061035156,417.4599914550781,406.3900146484375,417.260009765625,45294700,0.0,0.0,0.0325407064678751,404.5664993286133,387.5138006591797,0.4144965890428713,55.16593488988215,10.737314351524901,11.196530636415114,True,False,False
2026-05-21,422.17999267578125,426.95001220703125,412.8999938964844,417.8500061035156,42636900,0.0,0.0,0.0014139776735901943,406.7729995727539,387.71440063476564,0.38752408734514476,55.37689256805624,10.119346849164913,10.981093878965074,True,False,False
2026-05-22,422.6700134277344,431.510009765625,420.510009765625,426.010009765625,46104700,0.0,0.0,0.019528547428303344,409.25850067138674,388.33440063476564,0.3905459585519713,58.29939760593528,10.170804547151818,10.819036012602425,True,False,False
2026-05-26,430.260009765625,435.20001220703125,426.1199951171875,433.5899963378906,45658900,0.0,0.0,0.017792977626126305,412.0044998168945,389.1822003173828,0.3925890150046797,60.8635268412969,10.69988509638597,10.795205829359135,True,False,False
2026-05-27,442.8900146484375,445.6000061035156,435.5199890136719,440.3599853515625,44656500,0.0,0.0,0.015613803526030035,415.22149963378905,390.0782000732422,0.39002676067119885,63.04891691125753,11.532526985379377,10.942670060563184,True,False,False
2026-05-28,437.6199951171875,443.9599914550781,436.29998779296875,442.1000061035156,32435000,0.0,0.0,0.003951359818862743,418.6865005493164,390.93480041503904,0.3853880495419437,63.61134171996821,12.192262006992905,11.19258844984913,True,False,False
2026-05-29,439.8500061035156,441.07000732421875,428.1400146484375,435.7900085449219,45176800,0.0,0.0,-0.014272783242432974,421.3945007324219,391.79500061035156,0.38952853531450665,60.042281082185816,12.066843634557358,11.367439486790776,True,False,False
2026-06-01,427.489990234375,429.6000061035156,415.42999267578125,415.8800048828125,44937900,0.0,0.0,-0.045687150397476395,422.6475006103516,392.50660095214846,0.42585087520855214,50.427978955406985,10.242805088981697,11.14251260722896,True,False,False
2026-06-02,418.2200012207031,424.4200134277344,413.6499938964844,423.739990234375,37596000,0.0,0.0,0.018899647156100485,424.20899963378906,393.62220092773435,0.42937346933614096,53.58756383860369,9.323995315347815,10.778809148852732,True,False,False
2026-06-03,418.70001220703125,433.6000061035156,416.0,423.70001220703125,44500700,0.0,0.0,-9.43456559803213e-05,425.9255004882813,394.4792010498047,0.4273101443184057,53.5688617492441,8.494684620828366,10.32198424324786,True,False,False
2026-06-04,419.8399963378906,426.3500061035156,417.1600036621094,418.45001220703125,35323300,0.0,0.0,-0.012390842220308285,426.91150054931643,395.1876013183594,0.4248663331218003,51.04922522539211,7.329330833146912,9.723453561227672,True,False,False
2026-06-05,420.5,424.67999267578125,388.5899963378906,391.0,63420200,0.0,0.0,-0.06559926253138726,425.8720001220703,395.2886010742188,0.4734323982498491,40.360032530756556,4.143034660093235,8.607369781000784,True,False,False
2026-06-08,396.3299865722656,412.94000244140625,394.7200012207031,408.95001220703125,50328800,0.0,0.0,0.04590795960877547,424.9020004272461,396.0254016113281,0.48056849586967876,48.02418212013165,3.0313445050127257,7.492164725803172,True,False,False
2026-06-09,411.0299987792969,418.5,384.239990234375,396.67999267578125,59940200,0.0,0.0,-0.03000371479396924,422.48600006103516,396.72240173339844,0.46505465880768415,43.873722019368046,1.147011976402439,6.223134175923025,True,False,False
2026-06-10,391.5400085449219,397.0899963378906,380.1499938964844,381.5899963378906,49695600,0.0,0.0,-0.038040729596927614,419.89299926757815,397.2486016845703,0.4740591637773098,39.36759235288871,-1.546148680960414,4.669277604546338,True,False,False
2026-06-11,388.2799987792969,399.5400085449219,380.6600036621094,399.1499938964844,45324300,0.0,0.0,0.046017971453959916,417.5869995117188,397.7966015625,0.495649555047002,46.281775164785664,-2.237757382984114,3.287870607040247,True,False,False
2026-06-12,399.489990234375,406.67999267578125,386.760009765625,406.42999267578125,63514500,0.0,0.0,0.018238754580025995,415.7434997558594,398.3000012207031,0.502471204254495,48.88422594591957,-2.173373900660067,2.195621705500184,True,False,False
2026-06-15,412.3699951171875,416.0,407.1000061035156,411.1499938964844,45620500,0.0,0.0,0.011613319158924273,415.18899993896486,399.311201171875,0.4775512609770136,50.55671646479792,-1.7216388937613942,1.4121695856478682,True,False,False
2026-06-16,404.1099853515625,412.4200134277344,400.5400085449219,404.6600036621094,40255500,0.0,0.0,-0.015784969793794956,414.92250061035156,400.34800109863284,0.4694622872288526,48.22042833572826,-1.8658156575514795,0.7565725370079985,True,False,False
2026-06-17,401.5299987792969,405.94000244140625,393.760009765625,396.3800048828125,43534300,0.0,0.0,-0.02046161890071707,414.53600158691404,401.34260131835936,0.4723947500926743,45.341602942718175,-2.6180245271593776,0.08165312417452315,True,False,False
2026-06-18,398.1000061035156,402.5199890136719,384.70001220703125,400.489990234375,58384700,0.0,0.0,0.010368800900483421,413.69750061035154,402.4874011230469,0.4581422727346699,47.032014304734105,-2.849664843939422,-0.5046104694482662,True,False,False
2026-06-22,394.8500061035156,414.75,394.3999938964844,405.04998779296875,47819500,0.0,0.0,0.011386046267785943,413.05749969482423,403.6760009765625,0.4603885844070962,48.91956707018111,-2.6349141205722617,-0.9306711996730656,True,False,False
2026-06-23,392.6099853515625,392.8699951171875,379.05999755859375,381.6099853515625,50420200,0.0,0.0,-0.05786940661108486,410.8374984741211,404.32920043945313,0.4949553543091501,40.85922467550049,-4.306492362598249,-1.6058354322581023,True,False,False
2026-06-24,380.0799865722656,384.5799865722656,373.04998779296875,375.5299987792969,37081400,0.0,0.0,-0.0159324619523894,407.9344985961914,404.79140014648436,0.48877675782076735,39.06139602507287,-6.052069773225583,-2.495082300451599,True,False,False
2026-06-25,375.2699890136719,379.1199951171875,371.2200012207031,375.1199951171875,30138800,0.0,0.0,-0.00109180002514353,404.67249908447263,405.0097998046875,0.4822114692980784,38.93697602578978,-7.383424791369919,-3.4727507986352633,False,False,True
2026-06-26,370.1499938964844,387.79998779296875,368.6000061035156,379.7099914550781,53434100,0.0,0.0,0.01223607484974698,401.5529983520508,404.76499938964844,0.4857145183654227,41.1951874013662,-7.976214060211134,-4.373443450950439,False,False,False
2026-06-29,381.7900085449219,413.2699890136719,379.29998779296875,411.8399963378906,57645800,0.0,0.0,0.08461722263269356,400.3554977416992,405.2237994384766,0.5834337094366912,54.01509079051528,-5.786675758136312,-4.656089912387613,False,False,False
2026-06-30,406.0,424.5400085449219,406.0,420.6000061035156,43385600,0.0,0.0,0.02127042017171621,400.59149780273435,405.62339965820314,0.5653461339605603,56.78152174420957,-3.306476300755662,-4.386167190061223,False,False,False
2026-07-01,421.4599914550781,432.8599853515625,418.0899963378906,425.29998779296875,40127900,0.0,0.0,0.011174468904540102,400.66949768066405,406.2793994140625,0.5627911452266939,58.233334361912725,-0.9506921318457557,-3.6990721784181297,False,False,False
2026-07-02,428.010009765625,432.3500061035156,389.29998779296875,393.45001220703125,73717700,0.0,0.0,-0.07488825887632455,399.15699768066406,406.4199993896484,0.6236592268751042,46.76798324816261,-1.6348969792207981,-3.2862371385786635,False,False,False
2026-07-06,397.5,420.0,390.5,419.7699890136719,54727900,0.0,0.0,0.06689535135353153,399.2229965209961,407.06519897460936,0.6695721881738094,54.70452960290406,-0.0527243140507494,-2.639534573673081,False,False,False
2026-07-07,416.9599914550781,419.55999755859375,401.8800048828125,402.8999938964844,38149900,0.0,0.0,-0.04018866417017264,399.8179962158203,407.648798828125,0.6415369727929737,49.60001359068073,-0.15828409497180473,-2.1432844779328257,False,False,False
2026-07-08,399.3800048828125,399.6300048828125,390.510009765625,394.05999755859375,33844900,0.0,0.0,-0.021940919513048773,399.07349548339846,408.0039990234375,0.6253322965092353,47.11889137252948,-0.9443687127334215,-1.9035013248929449,False,False,False
2026-07-09,393.989990234375,407.8599853515625,390.8599853515625,406.54998779296875,37835000,0.0,0.0,0.03169565627507742,399.56699523925784,408.5615985107422,0.6258851996520183,50.85916672910648,-0.553132440571062,-1.6334275480285683,False,False,False
2026-07-10,410.489990234375,413.1600036621094,402.80999755859375,407.760009765625,33410000,0.0,0.0,0.002976317818197627,400.87549591064453,409.19639892578124,0.6077846576746089,51.21913840712296,-0.14377882278949983,-1.3354978029807547,False,False,False
2026-07-13,404.6099853515625,405.57000732421875,391.3699951171875,394.760009765625,32809200,0.0,0.0,-0.03188149815738972,400.65599670410154,409.6355993652344,0.5992262538738268,47.217281341386595,-0.8584587083135489,-1.2400899840473136,False,False,False
2026-07-14,399.04998779296875,402.2200012207031,394.760009765625,396.17999267578125,23385000,0.0,0.0,0.0035970789214421206,400.14349670410155,409.9265991210938,0.595597829314919,47.697979237866484,-1.2953350963518915,-1.2511390065082293,False,False,False
2026-07-15,399.3999938964844,406.5899963378906,390.6600036621094,394.4599914550781,31549800,0.0,0.0,-0.004341464113536642,399.3089965820312,409.99939880371096,0.593945122593303,47.137987239347375,-1.7600635878186495,-1.3529239227703134,False,False,False
2026-07-16,392.3500061035156,395.30999755859375,385.32000732421875,391.05999755859375,29269100,0.0,0.0,-0.00861936310433542,398.62899627685545,409.9703985595703,0.5921866836498173,45.988600710906844,-2.3753339864045415,-1.5574059354971592,False,False,False
2026-07-17,381.7799987792969,385.69000244140625,377.2200012207031,380.8399963378906,31394600,0.0,0.0,-0.02613410035418373,397.85199584960935,409.7997985839844,0.5949885553093067,42.62419219803025,-3.6455848634563495,-1.975041721088998,False,False,False
2026-07-20,386.04998779296875,386.6099853515625,369.42999267578125,369.57000732421875,33901500,0.0,0.0,-0.029592451218471427,396.3059967041016,409.2165985107422,0.6014379323556587,39.217046978750446,-5.498281000545319,-2.679689576980263,False,False,False
2026-07-21,371.1700134277344,384.07000732421875,369.9800109863281,378.92999267578125,32735300,0.0,0.0,0.025326690927467865,394.9999969482422,408.55939819335936,0.6079628131188468,43.2727188596597,-6.140499587022646,-3.3718515789887404,False,False,False
2026-07-22,375.5299987792969,380.1700134277344,372.8999938964844,374.010009765625,30646100,0.0,0.0,-0.012983883580748534,394.6199981689453,407.47259826660155,0.5737934206170909,41.69776826053798,-6.966162363141052,-4.090713735819203,False,False,False
2026-07-23,341.0,342.1099853515625,315.739990234375,319.69000244140625,115606400,0.0,0.0,-0.14523677416617442,391.82799835205077,404.9663983154297,0.7702045760040608,29.103379714696615,-11.866882645357975,-5.645947517726958,False,False,False
2026-07-27,313.2300109863281,317.0,304.2799987792969,309.2200012207031,43680359,0.0,0.0,-0.03275048059290531,388.5329986572266,402.48179809570314,0.7752441126502654,27.386378962525228,-16.40645695079354,-7.798049404340276,False,False,False
